Date,Time,Product Name,Customer ID,Customer Name,Price
2023-05-21,08:54:58,Smartphone,bdd640fb-0667-4ad1-9c80-317fa3b1799d,Daniel Doyle,225.01
2023-02-22,19:51:22,Headphones,8b9d2434-e465-4150-bd9c-66b3ad3c2d6d,Javier Johnson,84.88
2023-01-17,01:05:05,Smartphone,9a1de644-815e-46d1-bb8f-aa1837f8a88b,Cristian Santos,790.49
2023-09-16,21:55:07,Smartphone,72ff5d2a-386e-4be0-ab65-a6a48b8148f6,Rhonda Smith,418.64
2023-11-29,19:50:26,Laptop,6c307511-b2b9-437a-a8df-6ec4ce4a2bbd,Christopher Bernard,1341.87
2023-10-29,10:07:43,Printer,6142ea7d-17be-4111-9a2a-73ed562b0f79,Ryan Munoz,166.13
2023-03-23,15:23:12,Laptop,759cde66-bacf-43d0-8b1f-9163ce9ff57f,Valerie Gray,1638.21
2023-04-21,12:15:18,Camera,a0ee89ae-d453-4d32-8b0d-bb418d5288f1,Shannon Ray,633.45
2023-02-19,13:04:12,Smartphone,a9488d99-0bbb-4599-91ce-5dd2b45ed1f0,Dylan Miller,292.75
2023-01-23,16:43:37,Camera,614ff3d7-19db-4ad0-9dd1-dfb23b982ef8,Mark Diaz,1024.47
2023-07-13,02:52:08,Keyboard,ab9099a4-35a2-40ae-9af3-05535ec42e08,Timothy Wong,29.99
2023-11-18,22:31:10,Keyboard,88bd6407-2bcf-4e01-a28d-efe39bf00273,Carla Gray,43.45
2023-12-27,02:31:56,Camera,b02b61c4-a3d7-4628-ace6-6fa2fd5166e6,Melinda Cameron,992.82
2023-05-29,02:54:18,Laptop,d261a7ab-3aa2-44f9-8e51-f30dc6a7ee39,Ethan Adams,1491.89
2023-07-14,10:07:14,Headphones,9132b63e-f162-47e4-a9c3-49e03602f8ac,Emily Rios,266.62
2023-07-06,05:55:19,Monitor,a491f0b2-ea1f-4a65-a27a-984d654821d0,Derek Wright,436.06
2023-12-10,09:43:13,Camera,bf3c4c06-4343-48bc-89fa-6a688fb5d27b,Stephanie Ross,726.32
2023-03-29,19:26:50,Smartphone,2369b584-ff5e-4ff0-bf50-bde4382567b8,Ann Williams,809.13
2023-07-14,09:49:42,Headphones,28f49481-a0a0-4dc4-a720-9bdf1c11f735,Jennifer Brown,90.85
2023-06-16,02:02:11,Keyboard,77d21e02-ff01-4f99-988c-24c961b1cd22,Tricia Valencia,37.57
2023-06-11,14:36:21,Headphones,1d53434b-b881-49b9-ae27-0da702f06b90,Kimberly Adams,255.45
2023-10-18,11:27:25,Smartwatch,4b22d308-1c8e-4ee9-9715-bd6fa4161293,Jesse Mckay,126.48
2023-07-22,23:24:19,Headphones,f8cda88b-436d-46e2-b83c-fe0be037e5ed,Cassandra Gaines,213.86
2023-03-13,08:58:45,Monitor,d777a477-4c66-40a8-a013-ac6ededa4e16,Lisa Hernandez,214.29
2023-10-27,15:35:55,Keyboard,f4188f3f-8a14-4e62-a95b-4715c333e861,Kerry Smith,63.12
2023-04-23,05:02:11,Mouse,1ca35cfb-04fc-4d82-bd15-438552fbe43b,Sherry Decker,25.98
2023-01-25,03:59:31,Keyboard,3da9c2a9-0ed4-4f1a-bd4c-bf374eb93eff,Theresa Miller,59.48
2023-12-15,15:22:13,Tablet,fa5d3100-11b7-4948-90e6-e6607c69dee1,Pamela Anderson,557.84
2023-07-15,21:41:44,Mouse,2a45c2ab-8cbf-4db0-b264-accc79ac1b1e,Shane Henderson,12.54
2023-10-11,00:25:04,Monitor,c1590f53-8a0f-4efb-adcd-465e36386821,Christina Collins,388.1
2023-10-02,09:42:53,Smartphone,5f987c71-a65e-488e-abf3-ad39fec21bbe,Joseph Martinez,881.71
2023-08-11,05:45:30,Camera,05628059-568c-469b-9064-005c3985c3cf,Crystal Robinson,433.86
2023-05-15,18:13:32,Monitor,0f1259e0-a18f-46b6-b535-106e122c9a56,Taylor Heath,151.46
2023-02-24,22:45:59,Tablet,474a493b-3ced-4f2d-839f-bc501223b513,Cindy Anderson,479.99
2023-09-17,22:10:18,Smartwatch,93829b43-922f-415a-a1e3-db63ef7ddc76,Richard Aguirre,436.67
2023-03-24,19:38:17,Headphones,a8b317fa-18d0-452b-9825-bc5430beb45f,Jeff Owens,88.21
2023-11-03,11:48:07,Keyboard,a748dbcf-ac61-4e63-8dde-29a6baa4b71a,Mrs. Jennifer Morgan,93.48
2023-07-05,11:11:46,Monitor,310c0c00-3fa7-4104-9bf9-0e27dc96925e,Jerry Henderson,158.76
2023-10-18,02:52:02,Headphones,dfde4fbf-3ff3-40bf-b66e-cb15474ebc19,Jessica Callahan,64.48
2023-02-05,19:23:42,Smartphone,a6f2f7b8-0cf3-4b58-9910-8be58ce21ea3,Dr. Tracy House DVM,931.91
2023-09-01,20:01:03,Tablet,7b3a4e3e-7c52-4a17-a80a-c07a2a935d62,James Brown,233.45
2023-11-07,15:24:21,Tablet,63f2ae24-fc3d-4348-808d-4127610461e3,Richard Gibson,322.29
2023-12-20,07:19:25,Headphones,bb026576-f512-44c3-b253-d2186c4a37ea,Kristi Higgins MD,282.23
2023-12-10,23:39:40,Smartwatch,0ef8c2d6-f7fd-4646-b7bb-3eec4bf50b52,Kimberly Adkins,259.6
2023-09-22,16:26:17,Camera,7a0ecfea-958c-49ba-8cd6-20c20ea2622b,Sarah Moore,825.72
2023-02-02,12:18:33,Smartphone,d9f195d0-1482-4f53-8201-0c62f5f59b22,Kurt Leonard,447.91
2023-04-28,21:25:28,Laptop,f10c718b-1eb0-438a-a75d-d5af3c365296,Danielle Wheeler,1382.46
2023-12-29,22:58:39,Headphones,a8499b92-6b52-42e3-94fc-dd549e8fc965,Kelly Donovan,51.8
2023-01-17,12:01:49,Laptop,506e5a9a-b758-488d-ab73-295b344a54b8,James Powers,843.41
2023-05-23,17:40:24,Smartphone,edd4253b-50f0-4d0a-b50c-ab754ccc9bc2,Angel Ellis,714.16
2023-10-20,20:58:45,Headphones,19985f15-ff00-4d4d-9020-59e4ff9ab5c2,Daniel Baker,184.81
2023-08-31,14:49:14,Monitor,119c4ea3-e180-4081-9958-a499eeea163e,Jaclyn Moore,259.35
2023-12-04,15:41:38,Headphones,4d71c366-b41b-4143-8b10-550cd5704f32,Victoria Valdez,73.58
2023-08-28,01:58:20,Camera,8dfa6a56-d12d-4c9a-aaf9-15310200b1f0,Matthew Mcmillan,808.29
2023-06-23,03:58:42,Smartphone,e3c43657-1d8c-4bac-83b4-09ef2260e70f,Juan Nelson,260.61
2023-10-02,16:20:00,Headphones,57c700aa-b7b5-4ea7-b5eb-d32d9ad620ab,Mark Baker,97.9
2023-05-23,16:50:37,Tablet,e87d1c78-e7c4-41c7-8049-7b717d106c60,Anna Henderson,424.22
2023-02-08,16:08:02,Headphones,5563f616-00e8-4ece-8b49-452d46d483f3,Mandy Green,268.62
2023-11-30,19:40:55,Keyboard,b4a69f3c-8d3a-4d99-b11c-21c9bdc14f1f,Adam Jones,27.83
2023-05-02,06:03:18,Laptop,26286bfb-e767-4cea-b0e6-a969e21342b0,Sandra Aguilar,1953.49
2023-04-20,14:36:05,Printer,0ab54bde-20a0-4502-ae06-809725e97977,Steven Flynn,245.69
2023-01-02,14:12:53,Laptop,5b9962c6-e61f-4cc0-8a36-8ce7dc570131,David Garcia,746.96
2023-08-21,10:23:08,Smartwatch,dfed2c43-e256-46dc-8f54-86b7c7b5b2bc,Marc Moore,470.61
2023-10-12,17:43:08,Printer,2999b735-dd56-4c94-bc9a-d14cee0caeb5,Rita Keith,308.98
2023-04-22,02:07:45,Tablet,ecab3301-bc8f-4d29-adea-94930658663a,Timothy Pham,273.43
2023-02-01,11:25:04,Mouse,3f87e362-cf8d-446a-bc2c-bb0ddd334cc7,Richard Rodriguez,39.43
2023-09-02,18:18:29,Laptop,787f2425-dbcc-4477-89e9-db0adf465290,Robert Stevens,575.21
2023-09-18,02:55:00,Keyboard,df0f06cb-cb9b-4326-920e-ac174e20fd1a,Alexander Lee,32.59
2023-02-04,08:33:48,Tablet,11c58ef0-dd46-4c09-8752-87aa5408f9ac,Diana May,194.54
2023-10-19,08:57:51,Printer,d7fa2d8d-fb2c-4025-adf4-e62d6651529e,Teresa Wilson,135.97
2023-11-14,02:59:05,Mouse,94a1875d-2db6-4edb-82de-ffccf86c2ca2,Deborah Rodriguez,33.78
2023-10-17,19:02:02,Printer,c9535b63-ba81-4dd9-987e-f3446f3f920c,Larry Dixon,297.21
2023-04-15,11:26:20,Camera,30a900ad-939b-462d-a645-f129629c2ae3,Michael Smith,1421.65
2023-03-09,23:30:07,Headphones,afd5dea5-89d7-4d6c-8e77-7f00ecf27e76,Natalie Lambert,116.4
2023-02-07,00:20:20,Smartwatch,f2e9702d-11e9-4daa-ae69-81a35d3d9e56,Erin Edwards,282.89
2023-10-16,03:38:24,Monitor,e6697833-b841-40a0-9fe7-71d6d9178793,Eric Ortiz,429.52
2023-09-17,09:39:20,Smartphone,8dedf9fb-4bb0-4f20-b27c-40266703b636,Jason Bentley,737.63
2023-02-05,08:53:38,Tablet,2c8d0e44-e71e-43a6-bf85-bf0ead64b56c,Elizabeth Kelley,756.62
2023-08-13,19:46:40,Camera,35ce8841-4973-4d6c-8dca-bfb7001a9a8b,Kevin Pena,641.98
2023-12-01,19:15:29,Smartwatch,acf5e81e-7131-4269-b118-e36477097749,John Santana,344.67
2023-10-11,10:54:00,Laptop,a8aa7158-2b70-4525-bc67-f831cbc84759,Jose Schultz,1501.79
2023-03-10,09:37:44,Smartphone,f3b63fe1-d184-4324-97e8-392a55cee5db,Megan Walker,1138.93
2023-10-11,05:39:34,Smartphone,0bd4a990-0640-4e0f-a5b8-fd4b32fa2de8,John Atkinson,1089.71
2023-04-18,12:29:02,Smartwatch,e2d9de5d-6a18-4e4c-b496-276412a4def0,Cheyenne Horton,212.7
2023-05-16,18:24:04,Headphones,25c73c44-3e75-43b4-a64f-a6637e8f8095,Abigail Potter,221.87
2023-01-27,03:21:37,Monitor,c7468f59-1b49-4e15-a2ad-d909c521bf2d,Christopher Rubio,263.0
2023-01-23,00:07:44,Printer,8eb22579-0cdb-4ca4-b6ec-bdd68498e113,Ryan Bryant,348.8
2023-11-23,09:32:15,Camera,87f8424d-aae6-4fc1-b6f2-dbfecd29a36f,Linda Dodson DVM,1225.34
2023-10-10,15:34:17,Tablet,e45b712e-b822-4688-90a4-44329cd6c852,Sandra Kelley,631.8
2023-02-08,05:25:36,Keyboard,dc8aee30-be60-43f7-a8be-9288e5af6e39,David Wright,20.77
2023-07-09,21:12:30,Keyboard,c715b2b9-c40c-4d91-86fd-e062a33dc7af,Lori Hill,22.88
2023-03-07,01:31:22,Keyboard,3c07c574-4925-4af1-b6aa-e05b13d5f2f7,Francisco Fernandez,31.85
2023-01-21,13:01:38,Smartwatch,620e99d3-3b33-43d8-a69c-d696236c7b87,Michelle Brown,245.86
2023-12-08,03:44:33,Headphones,7746d0ba-8ae8-405b-94b4-a48268586eba,Daniel Fisher,220.52
2023-07-28,22:35:51,Camera,f2311f17-9586-4a76-8511-55ffe7a37e81,Shannon Cannon,1236.14
2023-05-02,05:54:59,Tablet,f1578470-0182-47c4-ba1b-58066160a6b4,Paul Castaneda,751.75
2023-01-13,06:31:49,Tablet,89c8d2ab-6b44-4a8d-95f2-5073f41402b1,Kimberly Morrison,722.92
2023-07-30,09:02:07,Camera,45df16b6-382c-443f-bcfc-9b793875394c,Allen Rogers,1238.86
2023-12-26,03:56:08,Smartwatch,b963f37f-6781-4c1f-8c53-0e36addc3e13,John Anderson,163.68
2023-08-29,08:05:54,Printer,e82c7d7b-06e7-45f9-88bc-539c9f4c3b79,Justin Johnson,361.65
2023-08-24,12:43:50,Headphones,dde9f863-22bd-4388-adb9-9102a48b3dbe,Anthony Gray,254.15
2023-04-27,08:06:59,Smartwatch,56666f9f-53ac-4ab9-b467-2cd9362f5e5c,Jamie Walton,428.21
2023-07-24,11:57:05,Laptop,d5bcb8d0-4094-4ded-abeb-ac31d4f8fd72,Alec Ryan,1490.05
2023-05-23,12:47:05,Smartwatch,39669fa7-5997-4043-b3b1-025bfff9f585,Rachael Pearson,445.74
2023-10-02,12:03:24,Keyboard,3f4df561-f319-4125-87f1-94f9c1156d6d,Alex Hernandez,51.97
2023-05-14,06:30:05,Laptop,1d48a071-ab61-47b1-b93b-4c3220500494,Claudia Lyons,673.01
2023-05-16,01:23:34,Mouse,9b1bc895-2af4-4ab7-9e6f-ea07c4536f1d,Nicole Wilson,48.5
2023-06-26,11:25:14,Smartphone,4fa03f26-f6f7-40cc-a9ec-8e49d1bdb8c0,Alexander Collins,796.57
2023-09-19,04:12:37,Printer,60141de9-f54a-40a2-a874-66d7ad66a1bd,Miguel Jones,281.86
2023-04-08,09:16:26,Printer,3e2b6091-a092-452a-94a0-57a7b0cc1b3b,Raymond Jefferson,369.85
2023-01-01,18:55:46,Laptop,cbd58bf6-1efd-46e9-8e37-14af99b49350,Dr. Hannah Patterson,1563.18
2023-12-10,07:10:25,Keyboard,a5c5650c-8186-4576-91a7-26095eddbbbf,Samuel Short,74.95
2023-12-07,12:01:19,Camera,5cb85aed-f5f6-4c97-aefb-63b11b049863,Sandra Zimmerman,817.56
2023-03-05,10:56:03,Mouse,859131d2-bbda-4242-ad17-4fc96f7c15ea,Debra Morton,22.56
2023-07-29,11:52:33,Keyboard,7701f7bb-7bc6-4e1f-864e-e6e389c5b31a,Nicholas Adams,44.74
2023-10-11,04:38:03,Printer,ef43613c-d4aa-49a3-bed8-c56cda09dfa0,Stephen Sanchez,309.16
2023-07-14,06:20:10,Headphones,ab0e664e-9c3e-42d5-91e1-aa9676f72255,Allen Rosales,155.11
2023-07-27,19:56:59,Mouse,5ad5cf06-364d-4c87-bcd0-129d2e8d0e87,Gina Beard,32.76
2023-04-18,15:39:06,Laptop,8e485223-46b9-4991-a14e-b70db380c73a,Travis Miller,955.81
2023-06-14,16:55:46,Mouse,8e200724-7d13-4018-a80b-ac63b856d035,Melissa Brewer,34.27
2023-04-20,18:36:40,Monitor,046a0df5-cafd-4613-b2bb-912d7da67785,Daniel Holt,348.97
2023-03-28,23:59:16,Monitor,5e781fd7-94e0-43ba-a9f9-48b24e6384bb,Joseph Coleman,507.18
2023-12-06,23:02:40,Smartphone,5a104129-54ae-4d1b-8ce6-424dbef59fe6,Denise King,483.79
2023-05-01,11:18:07,Mouse,50c7c006-314d-4441-b8a6-171f1ee34dc4,Joshua Gill,23.41
2023-03-17,00:53:21,Headphones,bd1531c8-3764-4bda-b108-d4482f65fafa,Dr. William Warren,251.64
2023-09-01,22:15:20,Laptop,d52721e7-19bc-443e-bb02-bebb48729a4d,Darren White,867.26
2023-11-19,20:57:34,Smartphone,2067bdac-88bd-43d1-b540-b30e039f3a25,William Tran,655.42
2023-07-16,17:59:59,Headphones,a34b6cf6-2053-4a42-b1af-db65b289f224,Katherine Salas,229.59
2023-12-02,00:12:06,Printer,7a8d03aa-782a-45e0-88ca-765192f5df7b,Cody Williams,173.2
2023-04-23,06:24:13,Smartphone,1d34d08e-7a4c-45d4-9c99-e04cf0e98b3b,Jennifer Jones,978.42
2023-10-13,09:04:22,Keyboard,26d794d3-0db9-4301-afbb-411aa1235a8c,Justin Torres,57.16
2023-08-26,19:20:16,Smartphone,8edddfcd-1e52-4770-bf89-7142fe716b14,Lisa Gibbs,656.46
2023-08-15,22:18:21,Keyboard,61607459-85c7-404b-8693-da1139c6a1ca,Jeremy Dalton,67.64
2023-10-08,16:14:06,Keyboard,9191b363-4e2d-4645-adc7-cac7fd72b050,Lisa Singh,54.14
2023-09-01,16:23:11,Tablet,a021c0ca-3531-468d-8342-bd2bf295456e,Matthew Moore,633.38
2023-11-23,10:05:47,Smartwatch,2812859a-1337-439e-8d4f-5d272c7f0b79,Jerry Wheeler,400.71
2023-05-03,09:59:52,Keyboard,49c13de7-3b42-46c5-885b-15fb4a8ff810,Michele Gibson,58.77
2023-05-27,08:32:15,Monitor,43b9da13-ec85-4f37-bbc1-a987aff8754d,Lori Guerrero,184.87
2023-10-04,02:56:01,Smartwatch,1d61fac3-6cd5-4859-b2a4-47b2ef04e57d,Maria Kerr,234.34
2023-07-16,05:33:48,Tablet,0f44704f-1247-4a4e-a469-98e8d39e198b,Eric Curry,248.04
2023-07-28,12:02:49,Headphones,706c5c56-49e2-423d-abd3-461691b78d8e,Michael Lyons,66.06
2023-02-01,07:31:50,Keyboard,8a3c3b5e-801e-41da-85b1-ed25f1533ae8,Bobby Williams MD,57.27
2023-10-27,00:42:40,Printer,069f14f1-4018-4c6e-9a8c-fa3c5283aac7,Vernon Huff,216.84
2023-01-04,12:48:25,Mouse,054f92ff-f366-4ad4-964d-b03f93403fad,Miss Debra Williams PhD,25.22
2023-08-03,19:35:45,Smartwatch,7135f221-a6c9-437f-84da-d06a7872bdeb,Catherine Richards,401.39
2023-04-23,17:46:33,Keyboard,f8140102-7de1-4dfe-9072-5b5ca2814044,Gregory Cook,83.99
2023-09-06,01:03:24,Headphones,292bd156-db94-4570-9ac7-0ec0ab8ddeb4,Michael Roberts,118.23
2023-12-14,14:43:14,Printer,c2b01cfd-d045-4d1c-a684-09e3f1f8343e,Jordan Edwards,200.84
2023-03-07,22:39:20,Tablet,c5c5b37a-f85e-46a1-9dad-09b252c21221,Jose Travis,696.33
2023-07-21,21:33:00,Keyboard,764414fd-8ae7-49ed-9e8e-de0ba85c6e4a,Cody Cox,22.16
2023-02-12,23:24:06,Mouse,71299889-a01a-4992-bf9d-3e64c1a6423b,Christina Dunn,36.52
2023-08-25,06:36:59,Printer,e17f29e1-7028-4046-89bc-473fed7bf656,Barbara Dudley,140.71
2023-06-17,07:42:22,Laptop,b5b453ca-3d42-493c-8c9f-d3349bdf0377,Juan Tran,890.23
2023-07-14,10:07:51,Monitor,d7665cda-fe04-4059-b985-fb6217dc8eff,Julia Wilson,297.08
2023-02-11,17:07:24,Printer,eec259dc-7f95-497c-a76a-a6ced50755d9,Katrina Hill,175.68
2023-01-27,12:44:30,Laptop,78e3654b-faf1-4ff0-bb85-179ad5b077e0,Juan Reyes,1623.54
2023-11-30,01:27:56,Headphones,bf0d073d-821c-4336-9970-cf60ebff8d15,Sharon Hill,212.54
2023-04-13,00:44:31,Laptop,57021049-6a39-4aa6-9aba-c50dca3dd859,Katie Hoover,1924.42
2023-03-06,17:14:30,Mouse,d664d264-4c6e-47ff-b9de-7a3a486822b9,Yvonne Burns,16.1
2023-04-22,16:55:52,Smartphone,7bfdcc12-89e0-4ab3-b250-ee18260a5962,Juan Daniels,763.97
2023-03-27,22:03:35,Smartwatch,de9e3757-5260-401e-aecf-67d2749176f4,Michael Armstrong,406.76
2023-02-28,05:57:45,Mouse,69288e92-c68a-452f-9b23-aa8c3bcabf85,Patrick Thornton,48.55
2023-01-14,11:21:28,Smartwatch,fd08b32c-62d6-4e93-a198-5d54cfb87e6f,Samantha Pollard,143.24
2023-07-12,14:26:30,Mouse,2051acef-097a-4e10-b6fe-bc0e7ecddbaf,Leslie Kane,37.09
2023-12-20,22:50:13,Headphones,1986b4b2-70b7-4868-9854-80f0dfcaf0b7,Joyce Bowen,69.0
2023-06-04,21:51:37,Headphones,f84f16b3-a79f-4faf-9ef5-768968f45bce,John Costa,75.48
2023-10-17,01:29:43,Smartphone,65c17795-b155-46bc-9f8d-ed9756abf2f1,Sarah Phelps,996.23
2023-12-05,13:29:31,Camera,f4427e0b-6148-4bb3-889b-78d5dbfdd97e,Nathan Malone,939.29
2023-06-24,00:27:38,Smartphone,9e11d2cd-0930-4ef6-8a80-068ddf547e50,Mark Mccall,705.96
2023-02-24,15:47:02,Printer,1723199d-bf2c-44a0-ba3c-8a71ff574e2b,Brett Schultz,346.7
2023-08-24,05:34:12,Camera,2a96e1e2-7194-4ae2-99ba-d7aedf615a5c,Stephanie Williams,1062.7
2023-09-25,23:40:56,Printer,5bc440f1-4b1a-469b-8e5d-d462cbd00ef2,Charles Schmidt,152.84
2023-10-03,17:36:12,Smartwatch,2e183554-cae2-4e66-ae8a-781390e0a95b,Bob Pitts,346.36
2023-10-31,09:46:19,Monitor,7f671eec-3da7-4577-aee1-e86b9ea556aa,Briana Murray,346.01
2023-02-14,10:09:19,Camera,aab612c9-415d-474a-b5a6-69814104a8b5,Robert Santana,1322.06
2023-08-26,20:44:51,Monitor,12e89d10-2871-4733-8bed-db12ad77e82f,Gregory Matthews,259.74
2023-06-22,01:02:41,Mouse,b0b862ef-6c9f-42b9-b647-8986a3917c99,Ryan Gonzalez,36.73
2023-04-04,17:45:04,Monitor,1b4da0fe-7bb3-4605-9a74-3152627b41a1,Kenneth Andrews,532.93
2023-05-13,12:23:28,Headphones,059dd55d-4b94-4e30-b303-f438fe2110d0,Mary Hill,138.71
2023-12-26,10:03:31,Smartwatch,c73f6e1b-af90-4e3c-9d75-0e9890e0b95f,Amber Obrien,452.13
2023-04-08,03:07:01,Keyboard,e726be23-e776-4886-9534-ee1d7f2984f5,Robert Lawson,20.81
2023-09-08,20:12:48,Headphones,30ac7d7b-a2f9-43a3-b810-ae665a31b4cc,Megan Le,230.02
2023-11-27,17:52:12,Headphones,2303f6c6-d69d-42f1-ae4c-84ffa8c01f05,Stephanie Lucas,222.65
2023-02-17,10:42:46,Monitor,088a93ec-70d9-49f8-89e2-60744f1639a0,Morgan Davis,506.82
2023-05-05,11:08:55,Headphones,6a5e6920-bf5a-47e6-93a3-dd5a4b8c5bdc,Carlos Ryan,151.1
2023-10-11,19:19:48,Mouse,80759f1f-87e5-40fe-9da8-d6d2f8b38a8b,Sandra Scott,24.76
2023-10-09,12:02:37,Camera,f7a67b94-7b5a-411a-b1b6-4afed31edf1a,Nicole Morgan,810.6
2023-05-19,11:09:49,Camera,1346d1a9-f680-4cdb-b7e4-90c71d7bc313,Vincent Dalton,1143.43
2023-04-09,11:29:19,Smartwatch,65bcc272-fadd-4ea3-aca5-e2fdb966442a,Regina Diaz,192.22
2023-12-20,06:44:27,Smartphone,43b38eb4-0390-4c5d-a502-d6a2ca6a2224,Jordan Chambers,942.88
2023-09-05,10:04:01,Headphones,618ae305-95a5-4afa-831d-029fac1e86d8,Teresa Rodriguez,104.1
2023-09-26,21:43:42,Mouse,9e9a9f83-0668-43ee-b8b2-b5493bdbc09e,Kristina Herman,49.06
2023-04-10,10:47:09,Smartwatch,a2a9d4d8-102e-4de5-a5cc-8bf738ab854c,Susan Turner,492.2
2023-06-04,00:30:54,Headphones,0b9bd934-23c8-4d30-9dde-7969688613db,Elizabeth Vasquez,140.22
2023-01-24,01:59:06,Keyboard,899ca782-e323-4d1a-bc1b-dacc18e19331,Jesse Santiago,30.13
2023-03-06,23:13:26,Keyboard,8a4a0e2d-f22b-4b98-b24c-c64fbe3e6e57,Patrick Moore,43.37
2023-01-07,20:54:03,Monitor,d56ce8ea-1959-4b5a-a7a8-f6366a35df59,Jason Lynn Jr.,196.16
2023-08-14,12:24:17,Smartwatch,71d79665-7181-4dcf-b79e-fc6e5edb0d3c,Savannah Garcia,287.76
2023-05-10,17:23:36,Tablet,e6d5901d-8b62-4d41-9e09-a9eeaf88bdec,Heather Sanders,777.57
2023-07-25,17:54:14,Smartphone,f2f25eef-1f45-4bfd-b7dc-67e030974b2b,Jordan Bates,1022.12
2023-12-18,01:57:06,Smartphone,f8999246-98de-4ebb-a3b5-cecea446be72,Richard Sanchez,777.02
2023-10-16,11:03:44,Tablet,34885a46-9088-4eaf-8977-6598203c8c25,Phillip Clark,246.98
2023-03-02,20:19:07,Smartphone,3ba5cd2f-dea4-4c19-9024-3d723748967f,Charles Lester,1193.92
2023-11-13,08:13:01,Printer,fbe94499-dbc0-40fd-86fb-7bf300b9d4a3,Carlos King,281.9
2023-08-15,10:49:34,Keyboard,ddcf8766-a93b-42cd-9c24-220e2cabd7e7,Adrian Tyler,50.43
2023-06-06,20:42:11,Mouse,040a3aae-52e2-4fd9-96bf-10ab3ce915e7,Anthony Harmon,49.6
2023-02-20,07:33:55,Mouse,104556e5-bee3-4b79-9d18-1ee986ad8a8c,Richard Palmer,12.41
2023-02-11,05:43:05,Headphones,38b77c07-80fb-4296-b3b6-a09b1beaf6ac,Amanda Logan,116.16
2023-02-08,05:41:57,Headphones,4d37a539-857d-43b3-a8ad-df36ddf275eb,Victor Brown,93.45
2023-12-19,21:37:12,Laptop,6d204496-66d0-4371-98e8-8ebb7a9e8eef,Katherine Browning,1112.78
2023-04-29,10:29:22,Monitor,5275eb94-14ae-4f5c-a636-58c912d0498d,Ana Hill,281.07
2023-08-21,02:35:29,Smartwatch,b64fa54a-8c61-4654-95da-75c1a21150f9,Zachary Schmidt,381.2
2023-11-17,21:28:24,Headphones,6e218b09-9afd-4015-816b-cb9f7426b193,Michael Farrell,280.98
2023-10-06,08:11:06,Headphones,8d244e3e-c4da-4ddb-a0b1-5abaa6a27967,Cindy Hayes,156.28
2023-03-14,02:35:59,Tablet,d3d1bf0f-56c4-48e4-a9ef-afb13a7e8e14,Jason Davis,740.47
2023-06-07,21:39:53,Laptop,4140752c-aa44-4259-9001-8b7b6d4067f4,Christian Leblanc,748.88
2023-08-13,04:31:39,Mouse,15da705c-d4ef-40aa-975a-81ec112fa612,Brent Rodgers,46.85
2023-12-25,14:39:17,Monitor,0f5ae9d3-8e6e-4003-a14f-3f12cfd01cbd,Kristina Rivera,459.91
2023-09-10,15:56:17,Smartwatch,dfa4bb9f-5a85-4750-a92a-c1391f4a8ca1,Nicole Parrish,300.19
2023-08-10,11:44:07,Smartphone,49a214ae-f7e8-48e5-8d2b-91efb8976ec5,Heather Lane,798.04
2023-02-16,08:20:05,Mouse,7b70c3b8-a81f-4ec3-a79c-658a36760ce5,Brian Bruce,20.01
2023-01-11,09:48:45,Mouse,47503f1d-c33a-4f6c-9d69-1fba5e187b24,Renee Bruce,33.48
2023-03-31,17:07:49,Mouse,9f294a8b-d184-4c39-8476-7556f97be2dd,Maria Johnson,11.61
2023-05-23,06:36:28,Keyboard,b18753e6-d457-4ad9-a867-a096edd877c8,Christopher Park,72.12
2023-09-09,03:19:19,Mouse,59dcabd0-56fe-4fb9-abe9-e2074f199ec0,Sergio Knight,27.44
2023-06-20,11:41:21,Monitor,bdb025ff-2451-45a4-91d0-59b26699cd99,Amanda Reese,306.58
2023-06-18,14:59:15,Smartphone,74222167-6b7a-4460-a04e-46cb3712f2d1,Jacob Griffith,1057.73
2023-07-25,20:01:42,Monitor,98a21f1c-914d-4fae-b100-13a7c6deb2f0,Anthony Moore,279.7
2023-06-11,09:11:22,Laptop,14e286e5-ac89-46bc-8cbd-3c039e2aa4ac,Matthew Tucker,1182.24
2023-07-26,18:44:09,Camera,372f871a-45ee-432d-aa07-f2137129cec7,Ashley Jordan,439.11
2023-10-05,16:49:12,Laptop,97d7a560-adb1-4670-ad9f-b00d4882d73c,Mr. Andrew Foster,1486.49
2023-09-23,13:10:19,Printer,345512f7-01f7-47ec-8e06-30cd996d5c50,Daniel Taylor,116.26
2023-11-17,16:05:39,Mouse,1eb74b56-53ff-43a2-8a19-35014169b9fc,Paul Thompson,40.26
2023-10-09,04:46:12,Laptop,3ae88926-b423-4cde-8857-511761554667,Sandra Drake,805.34
2023-12-24,17:38:52,Smartwatch,bdf66ba5-dc9c-46de-a5a6-74c212738a23,Albert Morse,275.25
2023-11-19,22:10:06,Smartphone,6de59332-9364-43d0-9024-bdc6dcb33df3,Michelle Butler,228.87
2023-06-09,20:03:19,Headphones,f758dce2-0556-4aea-a7b0-32831d7c0098,Robert Montgomery,227.45
2023-02-17,08:10:51,Laptop,5ca260c9-eb76-47c9-b08a-4895d4ffa666,Ryan Sanchez,1328.38
2023-03-02,23:34:56,Smartphone,1422373f-8622-48d1-a683-e10796c044d0,Eric Morgan,661.45
2023-05-30,18:31:38,Tablet,138d994c-2b0a-4edd-8774-44cb5543fc3c,Ashley Hicks,473.94
2023-09-05,17:11:34,Smartwatch,59e1ac09-5970-4859-86b6-e4ade7ea8d5a,Sabrina Briggs,266.2
2023-03-16,13:57:57,Headphones,4187222b-257d-4e52-9a51-65ca3c7c1d85,Lance Wolf,164.2
2023-09-18,04:58:12,Headphones,f387e1bd-2d59-42c6-934a-5a2fa7cf705c,Kathleen Webster,280.47
2023-08-01,12:22:28,Smartphone,ae5ec365-72eb-4474-9458-054ec2874f06,Kristy Reid,476.25
2023-01-02,10:17:52,Keyboard,f891b0c3-dd3f-487e-92bd-c6619fe0a8c7,Brittany Jones,41.37
2023-10-24,17:49:38,Smartwatch,cbdc4318-4d85-43d2-a1a2-748571348c2a,Anthony Romero,434.99
2023-09-05,12:33:56,Tablet,09a0a0f6-73b0-4091-b634-c1694f76e388,Ronald Jones,440.26
2023-10-06,13:44:01,Camera,171dabf9-daf4-41a7-ba34-d2e8dd3f7d7e,Katie Ford,962.3
2023-04-07,08:41:40,Monitor,bd29ede9-cab4-423b-b448-83858de7ad6c,Joanna Pacheco,569.78
2023-07-30,01:35:20,Mouse,9ae1a991-524f-43ff-b030-7633a6ded1d8,Chris Brown,25.32
2023-12-28,13:52:48,Camera,d65e59dd-e62d-4d06-8f9b-85581a7f195b,Miguel Wagner,1193.65
2023-11-30,05:32:16,Printer,b526b22d-3f6c-41f7-8a05-37f02c2cd22b,Jeffrey Mills,396.52
2023-03-06,18:17:16,Monitor,eafde7d9-5f73-4a3e-9d28-6aa428a39779,Jason Morgan,584.17
2023-02-21,16:01:51,Mouse,a181c85e-ca0a-46ac-8d67-d38e990f0c5b,Andrea Davis,23.28
2023-08-22,00:33:31,Smartphone,4082cbb9-48bd-4b3e-a2f5-df2badaa44ca,Mary Escobar,725.95
2023-12-02,05:37:12,Tablet,14dd5061-5557-46f8-a67e-ddcedf8f4197,Brenda Bailey,416.49
2023-05-16,12:19:35,Smartphone,a981b098-b2cf-452d-a7f3-33b3f7baf55e,Kurt Hurley,669.49
2023-11-29,02:55:27,Mouse,a4bbf962-606e-4e1c-8f15-84494f40c22f,Robin Santiago,37.71
2023-10-01,13:50:08,Camera,ff4625af-bd20-463b-b275-b5f3d436a7a8,Kelsey Lucas,1322.81
2023-09-07,19:41:52,Camera,04aac1b7-5ca0-4428-822c-4d326c645c15,Christopher Lewis,1052.16
2023-05-01,22:58:47,Laptop,31274148-7c7c-404e-8422-d03ef29a6339,Chad Jones,1426.19
2023-02-16,15:48:01,Smartwatch,81f7f3fb-19e4-4c6a-89c2-3e69d82c7565,Sandy Stephenson,498.97
2023-12-27,03:39:33,Smartphone,e05b46c5-5636-4094-a974-31db09a9d1c1,Bonnie Bennett,960.37
2023-06-03,01:03:14,Monitor,b15e54f6-d4d3-4795-ae4b-ebc429890880,Rhonda Martin,224.86
2023-01-29,10:40:52,Laptop,5d42b9e9-692e-47b6-8b2f-6d5c700b5d5f,Cynthia Wallace,986.56
2023-03-16,08:53:27,Camera,c8a723e9-bfa0-46c2-809c-b50648f1096d,Joseph Collins,749.81
2023-12-16,06:33:20,Keyboard,e76adca9-7811-4802-88cc-7cfecf01f944,Holly Valentine,52.96
2023-11-09,13:55:40,Tablet,c4f9eccd-7630-48a7-b0ca-fdd8fc043f08,James Rose,263.8
2023-09-12,21:13:55,Mouse,331f63fb-d11f-48c0-a97c-a4fff75d599f,Brenda Wright,37.33
2023-11-23,09:14:49,Tablet,5f07c1a5-dfc6-40ce-bb07-fd31a4244f23,Ashley Singleton,300.92
2023-01-05,16:56:21,Monitor,1578d709-48f9-43d0-9fea-e1e0d9e604b3,Denise Whitehead,264.9
2023-03-22,02:41:21,Smartwatch,177a8a5f-6ffe-43b3-94bf-7a4b25b8a42f,Courtney Hayes,371.04
2023-10-28,10:53:30,Monitor,6a36af18-06d3-4b93-ae33-688d597e6845,Jonathan Young,575.36
2023-08-22,10:59:59,Printer,397b5f51-5ffa-46ef-94e4-180cfe9936a3,Timothy Combs,307.09
2023-09-05,03:52:59,Headphones,25637cc3-ca97-4bf5-95d5-96afa663d2cd,Dustin Gallegos,299.84
2023-07-03,20:55:41,Headphones,c24369e7-2387-4af6-94c3-a832b231c60b,Joan Smith,145.34
2023-06-01,00:47:55,Smartwatch,3735262d-4184-4b03-84dd-7054144823f7,Kimberly Acosta,497.08
2023-10-17,01:47:08,Printer,c6b33fe6-1c76-4df6-ac5a-6c93871c0884,Eric Williams,182.34
2023-05-27,08:22:42,Mouse,9f708368-cb3c-48ca-a392-57316b79afcc,Brian Stein,39.81
2023-04-23,23:10:42,Mouse,a1c7cc8a-0435-4b64-893a-d23298c3e3ca,Dana Thomas,42.08
2023-12-14,04:58:47,Headphones,5a5226e6-9d64-4932-8066-853d6de299a1,Jason Beck,205.22
2023-11-27,01:26:07,Smartphone,5c508720-f982-44e0-8603-156a15eacbcf,Joseph Romero,1103.4
2023-01-18,21:06:05,Smartwatch,0534a101-8ddc-4719-81f3-8dd4fd034ada,John Reid,415.44
2023-02-16,10:44:40,Camera,bf5023f4-40ef-4935-9f90-bed6fb25664d,Richard Cooper,1178.83
2023-03-31,07:18:38,Camera,1a89b71e-a0d5-42c8-a837-fe68bba205ca,Nancy Cook,1196.98
2023-07-07,19:19:39,Tablet,56ab087a-8bc7-4e81-9a30-45280b599562,Carrie Maxwell,661.23
2023-03-26,09:21:21,Keyboard,7a8104de-b205-47bb-bb16-f75776f186ab,Robin Brown,93.08
2023-06-01,12:19:56,Monitor,0977c513-752a-4d25-b190-1b7ec6b469ef,Andrew Gonzalez,585.32
2023-02-08,05:07:29,Smartphone,4f612217-eef1-4694-90ca-e32d0aba590e,Virginia Daniels,668.33
2023-12-12,14:28:09,Headphones,a59b457f-c0d7-4c73-895f-fa8140d92bce,Howard Norman,265.04
2023-07-22,00:30:24,Keyboard,45f18619-54f9-4429-a7de-02ccdda4f4a7,Jacob Preston,49.26
2023-08-21,13:25:11,Smartwatch,f4dbca07-e506-4670-b092-947dbe4969ec,William Crawford,314.63
2023-11-23,13:31:29,Smartwatch,cc1b4157-ec9f-4c54-9e0a-72ab7f5db163,Rebecca Acosta,333.82
2023-08-30,00:54:40,Smartphone,febec0db-9a3a-4103-ae3c-453214348f62,Kimberly Morris,874.84
2023-10-15,11:56:32,Mouse,4baf0f5e-a932-4094-93f2-8f11147f6570,Lance Simmons,45.37
2023-02-02,23:08:03,Mouse,727716ec-59fe-4bbc-b1a3-fad2b0946d2a,Sergio Gomez,18.85
2023-06-04,23:38:17,Monitor,a3b442bd-4649-4296-af58-42c3ff86cc31,Theresa Jones,559.22
2023-01-24,01:21:17,Printer,83599af6-5d01-455f-a7fd-64c4a334058a,Meghan Cisneros,135.0
2023-03-01,03:32:19,Smartwatch,ad973b67-9b89-45cb-9942-644c248d31ec,Amanda Jones,498.37
2023-03-11,14:09:00,Headphones,5cb5e69c-5dc7-43e6-a529-64ffc74cc890,Keith Jacobs,271.81
2023-12-23,19:40:04,Monitor,5ef787b8-f2e6-495f-b32e-2016add702c9,Phillip Berry,316.96
2023-03-21,15:06:19,Printer,507b9072-65e5-4f34-9df0-6e8c878aaed9,Danielle Wilson,276.2
2023-11-12,14:51:32,Smartphone,848af440-7fc1-4858-afa0-d842bc55300b,Justin Green,1033.69
2023-07-09,07:54:37,Smartwatch,36ee1640-723e-4466-b43b-d27f42a259a6,Donna Hendricks DDS,113.09
2023-05-01,13:12:17,Monitor,12f5131a-da52-42ee-a2bf-18f51f652a87,Steven Wallace,350.11
2023-07-08,19:49:24,Smartphone,f7b217c7-ae92-4a71-8f7d-cb431679742f,Emma Reed,1180.93
2023-05-22,06:54:38,Camera,4a552ea0-8acb-4e09-8ccc-9cea109fd8ee,Sarah Joseph,372.66
2023-08-21,03:20:15,Smartphone,2c913a7c-a340-4f08-b341-91b8ed6522b4,Katie Martinez,1149.01
2023-11-02,00:46:39,Headphones,3c9abe10-238d-4f44-8ac4-d0eb3373730e,Allison Spencer,210.43
2023-05-05,04:35:05,Laptop,fba6abf7-cdbc-4653-b7a7-e8b75e70f65f,Lisa Miller,1680.19
2023-10-11,07:32:32,Mouse,b788f5d1-ffe5-45f6-a5ed-cfe34f2dad3f,Kelly Hammond,18.21
2023-04-30,11:57:44,Mouse,20156a72-12e1-43a6-932c-ae01d2c65ee4,Maria Cole,18.64
2023-11-02,00:06:11,Tablet,20da8972-5832-4ee4-8471-b4b0ae1b9f69,Penny Bowman,662.62
2023-03-16,04:43:58,Smartwatch,21084dd9-f75d-4e3c-848d-56502e9522d6,Thomas Brown,443.36
2023-03-31,04:00:08,Keyboard,4ddb1b36-272c-4588-84a2-576c1fc905f8,Frank Fletcher,40.05
2023-07-03,08:39:46,Laptop,84d67c4f-f0df-4684-b28e-41225894f7f1,Sarah King,697.7
2023-03-31,09:39:42,Mouse,46426c45-8d03-417a-b4d3-75c1a29319fa,Eric Ferguson,22.95
2023-08-04,19:09:15,Laptop,9780c215-2b2b-48e9-a417-c09380a8a23d,Brittany Hopkins,690.14
2023-09-01,16:19:16,Smartphone,566e3cbe-9aea-422f-a6e9-87cab87b6384,Kristy Bryan,945.67
2023-02-25,16:27:25,Camera,f2d3f761-0ba3-4279-94cb-056407437c3b,Laura Curtis,915.89
2023-11-11,01:34:43,Keyboard,9e3c5a88-6aa5-4e6d-9277-9574c4576cc3,Kathleen Burton,37.72
2023-11-26,01:08:02,Keyboard,4d560a3d-f4e7-469a-a454-09374a27ebf2,Dr. Michael Evans,44.13
2023-07-25,15:31:12,Laptop,2877f5d9-0f56-45f8-b048-faa112ae5c22,John Harris,1997.88
2023-08-16,02:40:32,Smartphone,dc8a4922-5005-480f-a4c7-78a59b4e164b,Morgan Valencia,690.27
2023-03-17,02:23:29,Smartphone,c2baf0e0-2179-43f0-a612-4ab4f9b21e6e,Justin Flores,522.11
2023-11-21,21:18:44,Tablet,7318b96d-4479-4612-9f5d-988f776abf09,Brent Roberts,328.76
2023-07-15,21:45:01,Keyboard,6b0ae0e3-9d89-4047-9d39-d7936257a4a2,Sean Moore,76.97
2023-09-16,22:02:34,Keyboard,b89bdf7f-93e3-4c35-af0a-573d53d2d56d,Phillip Jimenez,43.59
2023-12-26,04:09:56,Printer,e10b1a47-7fae-4748-b781-321e83c501cb,Alexander Landry,129.75
2023-04-21,15:39:30,Keyboard,3da06476-f778-4676-b50d-112e8164ceec,Harry Williams,77.67
2023-07-31,12:20:24,Monitor,d7c4fe9c-e1e0-4ffc-98f6-fd7f7eb162f1,Julie Herrera,549.64
2023-02-18,11:22:46,Monitor,22498f66-6e51-484d-9b84-edc3d8e049de,Monica Gallagher,329.43
2023-05-11,13:37:40,Printer,0d18ab95-668c-4477-8b95-017c5dae1201,Chloe Tran,193.76
2023-08-31,02:26:39,Tablet,734a6ca3-8116-43fc-a2e7-c1a612d2fa06,Diana Hays,596.43
2023-02-17,15:43:26,Smartphone,20f0156a-1e6a-4628-9c6d-52d5ae2e9af9,Jennifer Norton,1031.77
2023-07-10,04:44:14,Smartphone,5d986115-f05e-4efe-8ece-112856ce4b42,Christina Hicks,944.59
2023-10-15,20:27:00,Keyboard,09f64405-0b99-4034-8a4e-255280051b10,Gary Wells,24.8
2023-07-30,12:52:26,Camera,e4a4474c-9b33-43a4-a620-f9a974fd33d1,Erin Austin,1104.02
2023-01-27,10:28:20,Printer,9dd2f9de-fd98-4e33-a498-abe92999bbef,Elizabeth Rogers,360.43
2023-02-23,21:02:28,Mouse,7d66971e-8847-4c56-827c-9f8cd40ac5e9,Elizabeth Cabrera,22.5
2023-12-03,17:33:21,Keyboard,1c0f0bdc-ac7e-437c-94cc-1e2a5e4cb287,Lauren Robles,37.02
2023-06-29,20:15:10,Headphones,a1173719-b023-40ea-9f41-e335b9aed8e4,John Coffey,261.82
2023-05-23,20:54:08,Camera,9416e4dc-c6b2-4def-b8d8-b7f1c86c6544,Mikayla Silva,437.86
2023-10-15,22:38:10,Headphones,b89f7039-a107-4c46-8634-17182ba6adb3,Sarah Hernandez,251.81
2023-10-13,00:57:21,Mouse,9293f705-0815-4147-be00-980eae441e21,Ashley Smith,37.0
2023-12-22,09:44:14,Mouse,69b7c0fa-26c4-42f6-ab35-2f85504e2687,Jennifer Hampton,47.16
2023-12-26,11:14:59,Laptop,d92f3c1e-df70-4b2a-b8bb-22a5eba742d2,Amy Taylor,770.62
2023-04-03,05:12:56,Camera,ff84faef-5336-423b-8f96-468535145890,Kelly Edwards,721.23
2023-02-05,05:09:55,Mouse,887b03e5-e980-4808-b5ac-824c2c55aef7,Hector Ingram,36.29
2023-09-29,07:49:57,Laptop,cdbc2c1c-a4af-47bd-ae45-5cc6b88e830f,Lisa Lee,637.64
2023-06-24,05:43:51,Printer,4c6a70f4-8ede-444d-876c-f68c3f1be0d0,William Evans,225.95
2023-06-16,20:39:55,Camera,b0b39015-3510-4852-b474-634949fc2cd8,Emily Bailey,673.96
2023-01-27,05:39:52,Mouse,b8beff3d-cb9f-4f6d-af3a-6f27ef06fccb,Bryan Rhodes,13.4
2023-01-26,02:58:13,Tablet,65001423-faeb-4d19-a550-8ea26133a34d,Tina Ballard,640.38
2023-08-06,17:40:56,Smartwatch,f48f709c-49a2-4441-8ac4-de854a5b1aff,Hannah Ramos,277.25
2023-05-20,07:50:55,Mouse,36c7d6fa-7aa4-4052-bf51-936241a64fed,Joshua Fitzpatrick,27.68
2023-08-09,04:02:14,Keyboard,1bf645f6-2324-4211-8588-fc1bb2384849,Laurie Sanchez,29.11
2023-10-31,17:43:03,Smartwatch,39c59df9-87f2-45d6-a7ba-26acab7a3d1c,Amy Gutierrez,371.29
2023-01-24,08:01:43,Keyboard,ae62990c-19bd-4f93-b8ef-7666b7a4c719,Abigail Pierce,73.37
2023-01-29,00:16:47,Printer,a723fb72-682b-463a-a86e-d390edd97a1a,Sherry Woods,395.33
2023-04-19,04:59:47,Headphones,4988e418-f6c3-4218-8183-6315330f8be1,Matthew Velez,125.35
2023-03-03,00:16:53,Smartwatch,3b72c86d-92fa-475f-a6fd-0cb116e6e5c0,Miranda Zuniga,215.78
2023-03-31,04:42:12,Monitor,6afa828c-2cd1-4b9f-abe5-841fe9c96c52,Casey Gillespie,486.16
2023-04-28,18:12:50,Printer,c9b7c9bc-65a1-4fa9-9611-69a1ff46a6bf,Timothy Hayden DVM,259.77
2023-07-01,02:37:27,Keyboard,4c636e95-025f-4543-8997-623ae0723d96,Ashley Bird,86.67
2023-01-22,15:52:56,Printer,a42d0cd7-fd35-4f6a-b450-388748d90846,Kathleen Mays,358.53
2023-02-09,11:23:53,Laptop,45d8a6ad-77d0-459e-8114-14f8d9df0d0e,Brian Martin,1189.63
2023-07-27,23:18:24,Mouse,b7f60cdf-41dc-4c60-a5f6-0735757b6b29,Norman Gibbs,27.17
2023-07-27,00:45:33,Printer,317304b5-c1dd-484a-aca5-8d95915a1c30,Scott Prince,186.85
2023-11-13,16:45:05,Camera,53f30073-83e9-4ef4-ad7d-f5d0d3b59af7,Michael Lopez,506.25
2023-02-24,08:51:31,Camera,ef9240b6-52d7-4f10-ba3a-6e9623ff23d3,Dean Young,405.76
2023-09-26,02:51:48,Printer,546252e7-f43b-4052-8459-bd6ec0f63229,Nathan Smith,276.66
2023-06-23,08:04:01,Printer,3c7e5368-b159-4847-9c0b-9b10a757cb10,Bryan Parker,361.16
2023-02-09,18:35:10,Camera,ec50ace4-80a5-4e65-afa2-855967c96204,Michele Collins,1234.94
2023-04-10,12:43:13,Smartphone,f0cd7f05-ea87-455e-a382-95d31e0ef546,Lucas Robinson,730.6
2023-11-27,05:22:38,Camera,74797b61-2737-4b52-ba6a-210722319050,Lisa Perry,1172.85
2023-05-12,07:10:56,Headphones,c1e1b94a-7888-4058-a9ad-0e9b8c9aa1e9,Mary Robinson,75.7
2023-12-02,02:44:36,Tablet,98874bfe-c136-4c65-ae2a-e3413f59e4f2,Angela Griffin,541.56
2023-11-18,17:59:24,Tablet,ead08c89-13fe-4a29-9c9d-eee0b42a0456,Amy Kelley,768.34
2023-10-24,16:20:38,Monitor,89628f6e-929c-43b3-b3c0-8bf18167999f,Garrett Meyer,489.5
2023-11-16,11:46:03,Mouse,b787ef8d-3495-411e-ae27-d4321dc1e7eb,Ann Dixon,35.72
2023-02-04,17:04:22,Camera,21c71aa3-7414-43b5-8e3e-25f2cf0671c7,Joyce Brown,481.15
2023-05-21,21:31:58,Monitor,4ee4334e-ce92-4136-ac3a-812f765e6cb5,Jennifer Velasquez,434.12
2023-02-07,11:18:05,Laptop,12b2102d-940c-4503-b7c8-6152beed0af9,Gregory Brown,1027.91
2023-01-30,13:25:31,Monitor,e4eb8000-ef40-4162-8f6c-e9bffe7ee362,Timothy Johnson,353.36
2023-02-16,22:23:30,Smartwatch,22ab7752-c4db-4a62-ae13-418d68ab80ea,Veronica Brewer,130.69
2023-08-25,21:07:44,Mouse,e42e707a-fe2b-4987-9fdc-abbf6b9cd71c,Sergio Knox,30.28
2023-01-22,16:22:27,Keyboard,f6d22a7b-aec7-4a82-948b-4376602a4e57,Kimberly Valdez,96.34
2023-06-14,22:01:39,Mouse,fe2b34d8-2db0-428d-9e5e-be5459077299,Kendra Luna,36.07
2023-02-01,16:24:10,Monitor,c194f97f-00e3-4026-95b6-de85390239d9,Edwin Nunez,375.62
2023-06-25,03:04:13,Smartphone,6118433b-882c-4d1e-ac93-a7918b60c511,Danielle Reed,1010.97
2023-01-21,09:01:12,Keyboard,e00da49d-effa-4002-b040-413c4690fb15,Ashley Pacheco,71.69
2023-09-26,19:01:57,Monitor,efad49e9-c41c-447e-9d6b-9b626b535a19,Alexis Harris,595.94
2023-07-10,10:17:59,Mouse,7249f62c-0898-4462-980c-b95c19d45deb,Michele Williams,16.35
2023-06-23,21:46:06,Printer,705fddf5-66fa-4ca0-8b53-1932bd9419aa,Daniel Shields,222.63
2023-11-28,12:11:03,Laptop,fe54ee4b-80ff-4173-a3df-ecd70e731dd7,Robert Dennis,1683.84
2023-10-13,14:04:27,Smartphone,c5c51060-9911-41e7-93d5-63ae51a3ac26,Erica Turner,529.69
2023-12-03,21:56:37,Smartwatch,8570b59f-a903-4e67-bc56-8b5324acb722,Eric Brown,200.8
2023-10-26,05:08:57,Tablet,bc36dc59-e134-4dfc-9777-7f10f2d2393f,Lori Simmons,366.69
2023-12-02,14:16:14,Camera,582b91ee-f8e8-435b-8c00-988a7ee1011a,Megan Floyd,672.28
2023-02-13,11:16:17,Tablet,6883ac6e-6a94-4054-b241-4482519894d8,James Webster,536.78
2023-06-18,04:39:10,Keyboard,39b02e2a-d96e-484f-bdb0-174e7938878a,Michael Shaffer,50.13
2023-12-10,15:24:56,Keyboard,69a53b4f-8ff8-469d-8ec0-713dea2c7a51,Kristin Anderson,27.48
2023-07-05,11:14:43,Keyboard,548c1d84-340d-4049-8147-65063e2bf9c9,Tammy Boone,48.95
2023-06-24,17:42:16,Tablet,d453f867-b97e-4224-891f-691217abb863,Derrick Nunez,768.26
2023-03-12,05:38:28,Headphones,12a1fe7d-dfa5-4722-8a1f-c9df9a591974,Philip Ramsey,106.64
2023-02-21,18:29:03,Smartphone,3579c143-7ab9-4428-b78e-65108f10d33e,Felicia Krueger,495.79
2023-09-27,01:22:27,Keyboard,30a5648e-efe9-43d0-b639-08bf03ece8ff,Autumn Key,86.81
2023-11-13,04:46:16,Camera,b2149062-3e1a-463e-aa18-d32c7a9a8ef5,Christine Herman,1351.67
2023-03-25,06:35:03,Mouse,48769153-c688-43fe-9255-5c758d55119e,Joseph Howard,25.07
2023-03-26,15:56:06,Mouse,e1fff6c0-8347-41da-9c11-ab6d42f5b3f5,Brett Zavala MD,42.36
2023-12-13,08:38:53,Laptop,340029c3-ea11-405b-91fa-cefad6f89f7a,Jason Hart,1116.29
2023-08-18,08:31:11,Monitor,0426fcc9-255b-40e2-bdc2-b74b38a56b49,Timothy Riley,424.77
2023-08-29,07:03:50,Keyboard,32399ffb-2704-4f25-8b91-b8cb6ae66582,James Whitaker,39.13
2023-10-20,16:02:29,Camera,f186e47a-a794-4320-8cf6-e8b87fd238c3,Dawn Underwood,1113.97
2023-07-15,18:18:36,Monitor,bd5609c4-a446-4663-b93b-17fbf76d15fd,Christopher Norton Jr.,496.25
2023-03-24,07:16:14,Keyboard,2f1dc121-7d02-4c6d-8bea-75c1b86677aa,Kimberly May,53.49
2023-05-09,01:53:59,Mouse,d6cd3155-08a8-4c7f-8621-38ad0f09105c,Theresa Barnett,15.54
2023-10-11,03:44:06,Monitor,2332a50e-6992-496e-81a2-5ed1c3abb5f1,Crystal Mann,543.35
2023-05-26,03:03:13,Keyboard,74bd0c93-8177-4661-b7fe-032c02571851,Luke Estrada,88.09
2023-09-20,05:21:53,Tablet,a8c6dbc0-7bb3-447b-a9aa-144b9dd43675,Aaron Arnold Jr.,327.31
2023-04-24,16:25:30,Printer,892621df-4655-48b7-b8e1-9f568787ea21,Alicia Li,127.51
2023-08-01,01:56:20,Camera,f090f5a0-ce61-4199-ae3a-0ba8ac8d6c7d,Ashley Davis,1416.57
2023-05-01,14:03:35,Printer,9ea9f508-3122-4592-bdb0-2235261e2555,Robin Adams,250.6
2023-01-15,11:36:10,Smartphone,f5948a54-5f80-4eeb-943a-9aff659b0105,Karl Branch,574.91
2023-11-29,12:12:27,Smartphone,d3fbe043-af1d-4a1a-8ccb-235539d1c7ff,Martha Garrison,1039.18
2023-05-27,17:12:05,Tablet,67c0518b-17ef-4621-881c-79d4c27437eb,Juan Brown,239.44
2023-08-29,16:19:59,Tablet,152aeaec-2bdf-4b41-b3ed-a8f1026b5383,Mr. Richard Knight PhD,643.25
2023-02-10,00:41:30,Mouse,eb4d8f42-8735-40a2-a511-09611869a217,Daniel Parrish,10.21
2023-03-18,19:58:52,Smartwatch,45667c48-79ba-430a-9118-c400e336c243,Benjamin Frost,186.26
2023-02-26,10:29:22,Mouse,a879d8f8-9042-4eb7-8b04-0f53e63949d4,Timothy Edwards,31.11
2023-01-25,08:40:52,Headphones,24e9bcfd-9647-4f9f-b508-507af622d842,Michelle Sanders,125.29
2023-11-15,16:38:34,Printer,905f9096-2996-46e2-8c9d-690713b22cec,Ruben Price,291.69
2023-09-13,21:43:35,Smartphone,6243bed7-54ec-4f33-8a62-4cbde582b678,Brenda Hinton,310.86
2023-09-21,20:56:12,Keyboard,bed63da0-8033-45c2-9413-d64db962c8a7,Amy Kim,21.31
2023-05-30,15:37:41,Headphones,9aec56a8-5731-4609-9375-ee90d6b361e4,Tina Sanders,229.64
2023-05-04,20:46:38,Laptop,a255e1bb-0795-4c1f-938d-6b8cc607b1e9,Willie Henry,1422.21
2023-12-09,03:07:01,Printer,601bfbcb-f0ee-4cce-8d93-e14a5b167158,Michael Guerrero,156.19
2023-02-04,19:09:11,Keyboard,4b9dfd58-9e5d-4c7a-85ac-c35415f00cb4,Michelle Miller,97.97
2023-09-17,20:10:33,Keyboard,c8ad0899-b630-494d-a147-adeb277b0667,Nancy Stewart,60.59
2023-08-29,01:35:06,Laptop,f165d779-0154-4950-976d-e21f1b46ebdc,Ian Nelson,1085.68
2023-05-10,00:35:28,Printer,6e54ac6d-2ff8-487e-9659-1c8921ebfaa9,Justin Russell,394.31
2023-06-26,08:46:44,Camera,8de1596c-5a9a-406a-96f1-42a206b919aa,Kyle Nguyen,1246.22
2023-06-20,04:51:26,Smartphone,69ef74e3-4ab6-421c-8328-c136629ef3d8,Bradley Santana,971.5
2023-06-23,23:24:12,Laptop,3e245fbf-fa69-4cd2-be23-90f3e7bbaefc,Carolyn James,1028.45
2023-12-17,16:54:59,Tablet,44b64ec1-4d16-4049-84d7-df9a238b05b7,Arthur Hamilton MD,689.75
2023-03-11,02:17:50,Monitor,5c72aebd-13b1-4e59-885c-d7147bf69552,David Weber,434.28
2023-04-14,01:35:41,Monitor,75366b9f-320f-42c0-9dde-01889803b22e,Eric Rush,166.64
2023-06-11,11:17:22,Headphones,614077d3-9ec4-4a48-9773-f98d550c2fe9,Erin Cook,271.45
2023-10-06,17:14:09,Keyboard,a6aa59e5-dc08-4f29-92d3-3488d0c30018,Brandy Flores,51.86
2023-11-28,06:57:28,Smartwatch,7aa061e9-336b-40cb-b1fe-ad13f280df1d,Vincent Novak,114.65
2023-01-25,23:52:28,Smartwatch,a205e54f-b1e8-409d-bc20-b9f24a9c589e,Kenneth Sanchez MD,242.79
2023-07-08,15:54:32,Camera,5d71a898-6497-4593-892e-8c93d105c8d6,Justin Vargas,627.86
2023-07-17,12:20:38,Printer,c4829b71-ae84-481c-ae0f-b5b38bae591e,Tiffany Murray,322.99
2023-09-12,13:22:28,Tablet,cc351e4f-703e-457f-b5ab-8466b5578b00,Michael Fuentes,472.53
2023-02-12,15:27:20,Keyboard,ac484366-68bd-40d7-8b88-1c32cbb02a8b,Mr. David Hopkins DDS,41.34
2023-04-03,19:51:36,Smartphone,72f60958-12ef-4101-a082-786fca00ef58,Karen Morales DDS,630.61
2023-02-10,11:56:21,Smartwatch,6b15c11b-b113-450b-9ea0-50c6eb9ed274,Rachel Ward,228.48
2023-11-05,15:30:51,Smartwatch,98049562-8972-4bbd-8ff2-b1c4e53f9644,Angela Mack,222.6
2023-06-29,16:16:46,Tablet,2a9528c3-5ae1-4bad-aa29-60fda85894df,Amanda Terrell,598.35
2023-06-30,22:23:09,Laptop,f780ef2f-664d-4922-a590-fd3cad6ecc57,Tracie Jordan,1590.22
2023-01-30,02:43:55,Printer,38d5101f-423c-4d9d-993e-478302b34254,Kelly Carpenter,182.37
2023-12-14,05:49:29,Printer,5fc64cd0-721e-4b1f-b895-89399342a09f,Raymond Chapman,208.99
2023-11-08,15:57:12,Laptop,ff69723d-584f-485b-a697-384d801e8690,Brian Perry,714.17
2023-05-01,23:29:22,Laptop,d4d13d55-1db6-4844-95fa-9483f633cc2d,Brenda Collins,689.35
2023-10-18,01:10:44,Camera,8567c805-34f5-41c0-88c5-eb2a7490adeb,Mr. Jeffrey Horton,734.58
2023-08-19,13:30:23,Mouse,0b705933-4cde-4b6b-9132-567c51a40d2a,Ashley Sweeney,16.14
2023-02-09,20:53:45,Camera,ccd015c1-ad59-40dd-9bff-3142a5e15b55,William Sanchez,832.73
2023-07-23,11:26:47,Tablet,54bbbcf8-28fe-4761-8d49-fe3f2ca8f783,Tina Hall,494.15
2023-02-28,00:56:36,Smartwatch,2fb70dab-2f38-4b43-a137-f8e467b13040,Jessica Johnson,199.84
2023-07-18,20:26:59,Tablet,7317591a-3283-4aa4-a212-ab7c9d361cb6,Jasmine Bush,474.38
2023-05-14,16:14:53,Smartphone,b4299924-c098-4750-8741-9b4834ae4abd,Amy Garcia,461.78
2023-05-27,17:53:02,Headphones,5da49cb9-2fdc-4992-8971-8eeadf3a098a,Jim Baker,299.09
2023-02-07,16:27:30,Headphones,f7464c02-8718-44c1-bd4e-d26edcd5bfae,Linda Carr,80.66
2023-08-16,03:11:46,Tablet,5a1baf0e-5911-46dc-9d3e-503a9645f0e4,Lisa Cervantes,734.14
2023-12-30,02:21:51,Camera,eb2ec80e-4c25-4823-8cf4-ffb0b4bba73f,Angela Anderson,1101.41
2023-06-03,05:44:04,Keyboard,1df05d18-4e2d-4255-bd13-1a3d1e2c2e7d,Michael Dixon,63.37
2023-09-18,08:09:51,Tablet,93267d25-234b-4562-98af-5cca6b11b7cb,Cody Reid,665.9
2023-03-13,08:37:09,Smartphone,ee4205ee-a52f-43ec-ab4e-2281b184d1fc,Ms. Katherine Taylor MD,1185.13
2023-10-11,20:50:09,Monitor,dd92dd7c-0db9-47a9-9e91-a71c7374ccbf,Adam Taylor,161.83
2023-10-10,04:43:29,Camera,8fc3d7d3-f6bd-40c7-a24a-2a50d0b1fde0,Kathleen Cohen,860.89
2023-02-03,11:15:39,Mouse,71a0449d-d703-462f-b5cb-e3f56a66c184,Bradley Johnson DDS,45.37
2023-09-03,19:08:23,Printer,398f569b-465c-42cb-885e-b4894ac66780,Carol Ellis,399.88
2023-10-22,02:41:06,Printer,7eccdaf4-c413-4dc2-85c5-ae8abe15ad12,Ashley Wilson,330.75
2023-11-25,02:42:00,Tablet,fdab3441-d2c2-4960-8b09-01abc66dceb3,Rodney Williams,782.05
2023-09-22,12:32:36,Monitor,37f25d36-8bdd-4ee3-b0fd-6672b80f16c5,Ashley Greer PhD,359.62
2023-10-10,23:17:39,Tablet,0840405a-ffd2-4491-9ff3-89aa4c36a70c,Gregory Montoya,720.67
2023-03-08,15:45:04,Mouse,1e0d02b5-fe74-42cd-9d83-ad037066e289,Cynthia Cochran,17.28
2023-01-29,04:31:14,Keyboard,dc6dafff-59c2-4153-b06b-0f0c96822e22,Mackenzie Martin,92.86
2023-03-26,05:53:49,Keyboard,d0437e4c-34e5-4699-88eb-e27a23a4e70e,Anthony Bell,32.24
2023-04-26,12:35:53,Camera,2b1ac76c-89ec-4c51-98cb-aa5247f53019,Michael Roberts,1421.69
2023-02-10,09:07:27,Keyboard,83b0b35c-dba6-4df8-b3d0-4ffb44709848,Miss Anna Estes,91.59
2023-10-10,09:59:32,Headphones,0f2d5c15-eb34-4d3a-a95e-5ea9c9230c64,Sharon Martinez DVM,208.76
2023-11-11,19:25:24,Tablet,5274ee11-b61d-4906-a570-35db3fead90a,Pam Lowe,556.26
2023-03-28,21:32:49,Smartphone,a1e518a2-93d2-48d4-a465-5c397d4d2add,Jason Hayes,702.57
2023-12-04,22:44:11,Mouse,c4d598f7-e14f-4093-8b6a-d0c7a2356dd4,Jose Ramirez,16.17
2023-10-16,01:29:59,Mouse,7466ef02-5e7b-42c8-a097-dedbefb3b939,Erin Smith,23.5
2023-11-25,20:59:58,Laptop,17d821b8-bb93-4d40-98df-f535c62dbaea,Judy Beck,621.83
2023-10-20,15:10:02,Smartwatch,cbb18c79-1036-408d-99a0-90075bb47c18,Claudia Jordan,360.45
2023-09-12,22:50:03,Mouse,52a74a41-44be-4486-bea5-a387363be5cb,Gail Lane,35.56
2023-06-04,17:35:00,Keyboard,c9ce44bd-7c3f-4add-9a38-5db590eeb067,Michael Williams,43.17
2023-12-17,14:47:07,Headphones,d6321d31-c8ac-4fcf-a04d-4d14197dbae1,Caleb Mathews,251.17
2023-12-19,02:10:52,Smartwatch,fde91c42-002c-4c22-b4de-5f7070f81dba,Christina Barker,281.42
2023-09-05,16:54:35,Tablet,4d470ed6-a666-4769-a1d4-6f8221c50e41,Timothy Hill,435.74
2023-03-15,11:22:50,Headphones,1519830c-4019-4303-9c45-7e4da79313b8,Steven Martin,135.05
2023-06-26,14:31:00,Camera,b9da5f8c-4e35-4a80-a027-9a186576a410,Cynthia Rios,1181.04
2023-09-21,20:26:56,Tablet,36a2c52b-0047-4139-985d-f528b4258e19,Casey Perez,644.43
2023-08-27,04:27:39,Smartphone,02106371-0260-4123-b1ef-e72aae13591e,Ruth Mcneil,519.12
2023-03-14,03:31:29,Smartwatch,7a4a902f-21d6-4b0f-b1ac-040d6c1cc405,James Cross,279.84
2023-07-16,22:24:18,Laptop,5e1885c3-5037-4d6b-9a6b-6a7d1a38aad6,Breanna Ayala,935.32
2023-03-23,11:55:17,Printer,a43e558c-2215-4f00-9fdf-0e05c0cef31b,Brenda Moreno MD,174.48
2023-04-08,05:48:05,Mouse,59e7703a-70aa-4b0d-aa03-8ad4a667b982,Lori Hernandez,38.85
2023-08-28,18:09:33,Monitor,714011a1-afc2-4cfc-9db7-284b6965d1d1,Angelica Garcia,598.19
2023-02-16,14:19:03,Smartwatch,bae1e137-96ee-40e5-9f87-3b46c0a0473a,Victor Edwards,298.95
2023-05-04,07:49:59,Keyboard,a505da9c-46e7-4a2c-bf6e-ed9d23cbe943,Juan Greene,56.58
2023-01-26,10:14:37,Mouse,f0f7ad22-c76a-4e0f-88f0-91f09b8b38ae,Sarah Barrett,24.12
2023-12-01,17:08:00,Monitor,9b5f8f39-848b-44f0-b498-17354d38e415,Nicole Phillips,418.88
2023-02-25,15:41:22,Smartwatch,cb35097a-e5dd-48f1-88a7-38ab0df83e12,Kathleen Rodriguez,314.68
2023-07-07,14:40:55,Tablet,122dd7be-980b-481e-a359-5d1f7fe4a42e,Vanessa Hatfield,723.6
2023-01-27,20:45:47,Camera,6307d4d1-21c9-415d-9104-5a16ef15ab72,Laura Diaz,354.29
2023-10-11,10:30:27,Keyboard,78946a15-c342-41db-ac3a-acdcaed54a46,Patricia Smith,35.57
2023-08-19,20:01:10,Smartphone,373aedf8-431e-430f-8387-f74d1149d096,Antonio Mccormick,586.35
2023-11-16,22:14:50,Smartwatch,b66edbf4-a0ea-4251-8957-43a281b13b80,Jennifer Miles,430.12
2023-02-19,14:20:29,Smartphone,89a3c811-895c-4fde-a3fa-40691519fd38,Diamond Collins,328.66
2023-06-23,20:18:36,Camera,f96c9a0a-3404-402a-abc1-bb5282e4dd4a,Kimberly Myers,1253.88
2023-04-12,21:56:06,Camera,a65be22b-d5a3-46d9-8362-a810a2611b8d,Andrea Hale,1205.96
2023-01-21,01:38:58,Keyboard,3d175712-d8b2-4277-b413-db19bade8d5d,Brandon Hamilton,52.11
2023-06-20,17:14:54,Laptop,0e165b12-9bdc-40d1-9cbf-7b8c74102d5d,Patrick Yang,705.55
2023-11-07,18:46:08,Keyboard,23204ff5-b538-496c-833e-02f71e93d127,Carla Benton,56.56
2023-11-10,11:35:50,Tablet,d28fcf68-c871-47b3-8468-b74d85e3ade5,Carol Martinez,363.18
2023-11-12,10:53:41,Tablet,bba1aed9-44cd-4fdd-9f9b-141ec7f7bda1,Patricia Johnson,405.42
2023-09-18,19:22:54,Mouse,861b4f5b-45a0-4539-ade8-370ace9e9ebd,Michael Ray,23.45
2023-06-03,17:17:25,Monitor,82c299f0-7487-4772-bf03-86fa13badc91,Jonathan Bradley,468.93
2023-12-11,03:59:26,Laptop,c5f8e2f8-414f-4994-a845-77805e20c957,Kenneth Sharp,1052.54
2023-12-19,22:54:38,Printer,00a85473-8242-4912-bda3-c1623a78b64a,Scott Sanchez,275.11
2023-05-16,23:52:09,Laptop,eb93f78c-620a-4158-9d2d-904f78c59073,Timothy Mathews,1395.36
2023-01-27,21:14:43,Mouse,b6ca1127-e9f8-4970-8d98-f9e28d888beb,Jennifer Morris,33.11
2023-11-19,22:33:50,Monitor,51e744e4-b864-4a08-aa75-752d6a8fcacb,Blake Watson,226.73
2023-12-15,08:49:05,Printer,0d7bec04-e6e5-4b32-ac5f-12ef8085c147,Robert Jarvis,144.33
2023-12-25,04:00:04,Laptop,e0827f76-11a5-49b4-a6a3-02d6f43e8c48,Douglas Kirk,1358.86
2023-06-10,15:14:50,Headphones,74ed5145-8d97-45c7-961d-5c8753c9fe59,Curtis Elliott,54.73
2023-04-15,14:56:28,Tablet,3e19fc1d-9f6a-4a65-bd54-da044dcd0009,Kevin Snyder,418.42
2023-08-30,02:16:03,Keyboard,bb82b796-3207-443e-86a0-7656c5c9fb91,Paige Sanchez,82.0
2023-10-15,11:50:04,Tablet,061efb95-68f8-4063-aeb1-9ad201a1fb0f,Gregory Franco,487.14
2023-06-10,06:18:19,Monitor,55c3b2db-f374-490d-8274-ce40e09016b6,Matthew Sweeney,386.46
2023-06-25,19:53:21,Monitor,34879e41-1a9c-472a-8eb9-047dba2ac3d9,Cynthia Vasquez,560.46
2023-12-15,23:25:19,Camera,247296a4-ff38-4918-b8f9-a45d0f554896,Anna Morse,1111.04
2023-04-09,08:58:31,Smartwatch,69be173a-850e-40ad-9872-f72ee5b4a1ae,Jacqueline Villegas,344.03
2023-04-26,10:50:08,Smartwatch,8163b6ce-1877-4c06-94ad-625215bc2a3e,Robert Jones,323.23
2023-12-20,17:48:14,Smartwatch,a995ecc3-6f5b-49a6-8ff1-c51f915cb31b,Cynthia Green,381.96
2023-10-14,09:57:22,Camera,64988bde-cd02-44db-ad11-15d750a46c85,Nancy Stewart,875.76
2023-12-13,19:46:37,Smartwatch,f18cccdc-131e-4723-bbcd-f203459ee674,Richard Richards,148.75
2023-07-22,12:33:57,Printer,7316ce64-2a14-4a96-9b0c-62eb27c8fc6c,Jason Herrera,368.73
2023-05-28,02:52:38,Tablet,73b0d676-3527-45c8-8534-ca08f6f24d1c,Derek Wilson,338.79
2023-12-02,09:20:12,Camera,4de1087b-afa1-4a55-8ebe-abaa28597b34,Melissa Williams,1408.81
2023-10-03,09:52:17,Monitor,25f88c74-53ea-4919-9b48-62c2d5ff2a1f,David Kelly,246.29
2023-03-12,03:58:36,Keyboard,4c80d33a-ad5b-43c8-8c88-0714837217e0,William Johnson,75.69
2023-05-03,08:49:39,Mouse,8e52fc42-73c3-44a6-9ac7-26b667863fb3,Danielle Murray,39.64
2023-09-29,08:12:59,Laptop,1f178f93-23c9-4a1e-8b37-1d97cdcc2d6a,Ronald Haas,1504.75
2023-07-31,12:01:32,Headphones,668c879b-d2dc-42c8-b2b8-d8aa21768dd7,Mark Newman,63.12
2023-03-12,00:11:19,Monitor,eadc9960-4242-41e2-960b-e0f495132c22,Alison Brown,195.25
2023-03-22,14:48:54,Keyboard,cf2e3296-7184-4713-a55f-65b7e709fba6,Taylor Calderon,98.23
2023-04-13,10:27:29,Monitor,f1394e3c-0aee-4557-9f5d-f91254e07431,Christopher Berry,364.85
2023-01-31,03:15:25,Camera,7f0223bc-651e-4252-b974-4cded259f960,Michael Thompson,642.5
2023-01-20,06:22:26,Mouse,46653497-2fe9-42aa-a886-a01136f7a26c,Stephen Johnson,19.29
2023-04-01,01:19:23,Printer,a5b40983-3eeb-404a-9df2-372e9e825aae,Jason Pierce,364.67
2023-04-06,10:32:21,Printer,620d4a1f-479f-4628-9674-eb650f9c5300,Curtis Wilkerson,336.39
2023-10-18,21:56:47,Laptop,fe7c80e9-a179-4e93-bfc8-25ac869bc00f,Rebecca Mayo,513.9
2023-06-21,10:21:38,Smartphone,7acc9970-5bee-4570-b69f-75c5c82ba1be,Kari Durham,1128.45
2023-10-06,19:05:23,Monitor,453b45fe-636c-4499-9254-aad3809cd839,Francis Robinson,595.09
2023-03-10,18:21:28,Monitor,47eb340d-c74e-48ff-8f89-569de550d736,William Moreno,550.17
2023-02-27,12:02:23,Monitor,3b964c74-ffe6-4994-9580-4c2ac44fc4b8,Ariel Sandoval,272.78
2023-11-28,09:22:00,Tablet,ca8e858c-d0f8-4063-889f-e107443b1d0f,Amy Davies,625.23
2023-06-22,10:44:29,Tablet,fb8fe8c4-d8b4-4ead-9360-8edf382b5b86,Heather Combs,159.15
2023-04-09,06:23:22,Mouse,3c8e9d78-2d14-49f4-ac78-644fd86065a2,Renee Wolfe,36.98
2023-07-27,15:34:19,Mouse,b4157cea-0738-4ba4-9770-a3dbe9fa97e2,Theresa Elliott,44.25
2023-07-25,03:28:22,Keyboard,d631c383-3030-44d0-b2c8-47439027e770,Sierra Vasquez MD,46.23
2023-09-02,11:46:55,Tablet,0e61065f-171b-4b80-89b7-fdf77d8d3ddd,Daniel Fox,788.1
2023-07-16,08:34:30,Headphones,9d37efb6-eafb-4e90-94ec-84ce002ccb25,Carlos Love,51.71
2023-06-18,10:59:36,Monitor,de4379cb-d823-4076-8d6b-b03beb3537a0,Alex Willis,489.19
2023-01-06,09:31:22,Mouse,1c654aa2-c63c-421d-a443-5958eacf33a9,Shannon Yu,38.92
2023-02-01,04:18:15,Camera,a981fa54-f121-4129-b45c-9a545fa3a531,Brian Turner,1131.32
2023-07-27,18:17:46,Monitor,bb7b6c05-2852-4ca2-b9d2-014a22ee7f07,Rebecca Yu,288.06
2023-11-24,10:44:31,Smartwatch,b509f08a-2c98-4bca-9139-7c06a630ad9d,Melissa Mcfarland,376.12
2023-04-23,04:51:47,Camera,aa604892-3926-42e9-9b58-eb49c9784b52,Casey Parker,1037.55
2023-11-07,13:36:11,Monitor,2d7e4a45-2099-471f-8b65-7bccb0416f19,Tiffany Fry,218.93
2023-08-30,19:34:13,Printer,c55523ed-fe89-46c8-99cb-3540643ffdae,Amanda Guzman,310.58
2023-12-15,21:41:34,Headphones,9c8379ae-f7b0-4805-8f0d-f860ebc92914,Keith Zuniga,240.46
2023-09-28,13:10:19,Smartphone,13eb22c9-bece-421a-94c7-743b2401342a,William Jackson,725.51
2023-02-27,02:14:54,Smartphone,d2586d90-16b6-4f61-b68c-62e6e2a45909,Margaret Tanner,1117.24
2023-04-14,20:51:05,Keyboard,35adde88-43e4-4668-82ea-d2df725656e3,Barry Scott,92.23
2023-06-17,18:56:42,Keyboard,0c53644b-0053-4649-b86d-066b1ba827c6,Nicholas Costa,31.99
2023-04-16,21:13:54,Monitor,e1bbb8cd-7e3a-4f07-a9fd-28e6e271fff9,Joshua Garcia,202.31
2023-09-19,16:13:10,Monitor,93fb71d0-dd32-4d9c-89ea-356a7abfcebf,Melissa Martin,190.92
2023-09-20,15:07:30,Laptop,088dbd82-d883-43f8-8c98-03de12de9e5a,Fernando Lynn,1180.15
2023-10-14,16:50:04,Monitor,e34f76b4-2b8c-43bf-9780-be1712fecc2b,Nicholas Payne,403.76
2023-07-22,09:15:52,Smartwatch,5683ede0-17d5-4563-ba60-ede1e5eb772d,Lisa Webb,389.31
2023-10-24,02:39:32,Laptop,a754a29f-f143-4545-ae6b-34b907ef2ba8,Steve Moore,1618.71
2023-12-25,02:19:17,Laptop,f9722cc1-349e-44a9-94c2-9d5c19ec0829,Michael Bowen,1135.55
2023-02-05,17:11:15,Keyboard,a91cf192-43e8-444b-8a45-a905badf9397,David Williams,99.53
2023-04-03,04:55:50,Laptop,7daec949-d700-4461-8cb6-b0ba925f8199,Isaac Patterson,930.64
2023-07-15,16:19:50,Printer,a005f5e1-a97a-4846-92ea-ef184b6797a1,Christina Johnson,212.34
2023-12-16,19:38:07,Printer,fa207403-4ab4-47e3-a360-76812bbba89d,Ryan Parker,212.69
2023-06-28,04:19:09,Tablet,e516b0d4-7d35-42cc-b88f-d0cd65c06b93,Anna Stephens,574.8
2023-07-21,19:15:16,Tablet,61a66444-e2af-4629-9efb-336e2f546033,Jeremy Baker,795.35
2023-04-25,00:07:35,Tablet,d64acb1f-39eb-438a-836e-3c49770e09db,Antonio Goodwin,623.11
2023-08-26,19:49:21,Laptop,ab0b4cc5-15f0-4a19-98c1-80d2aadf3692,Joshua Arellano,1967.74
2023-04-28,09:00:41,Printer,0f9ca17b-8db8-4adf-ba3e-46b096f84ff7,Sabrina Barnes,259.58
2023-05-22,06:51:44,Monitor,efb56207-ddec-440b-afe3-af13891778e8,Stephen Alvarez,305.77
2023-12-05,15:15:50,Smartphone,da9bccc1-e71c-481a-a511-e61a143665f5,Kathryn Lester,232.22
2023-01-09,08:45:44,Mouse,fb95d0fc-ad72-4d05-924c-de09ccea5031,Barbara Todd,40.64
2023-11-01,01:13:20,Headphones,2acb4fbd-fbff-4a7d-b2f5-b1762c41cbd3,Rhonda Martinez,66.82
2023-12-27,01:46:20,Monitor,aee14f87-fcff-49e3-940f-f5896c624c2c,Zachary Burton,419.0
2023-07-25,15:58:55,Headphones,51db1a37-4204-4733-9855-0b1ed5881c1c,Suzanne Jones,235.14
2023-01-29,05:06:07,Headphones,8d536c75-65b9-4e94-8e6d-e263635a775d,Donald Ellis,184.94
2023-04-30,20:58:31,Keyboard,b34e356a-c95b-41f8-832a-461adf9b7c1f,Kelly Barnes,99.48
2023-12-11,11:40:30,Camera,910c4cb7-25f0-4b0a-a64e-f59d6a18e5af,Olivia Ayers,992.97
2023-03-15,18:58:41,Headphones,c7903dc5-900c-4af7-9b0a-e22eecc817a6,Dustin Nichols,125.44
2023-05-21,02:13:09,Headphones,439e754c-6930-46ea-a0bd-a1ee5807cf74,John Lynch,153.39
2023-03-31,22:47:30,Keyboard,67294d3c-4681-4a88-ac15-4804099759a3,Lee Steele,95.88
2023-01-25,12:32:23,Printer,e1035e1c-e3bb-42ae-a552-ac5309eda6f5,David Reese,266.76
2023-06-13,15:09:28,Printer,5f584603-e5a3-48e9-84c1-f1b5ebbbd763,Robert Turner,335.74
2023-07-12,06:41:41,Printer,dbb54645-7dda-41b6-97c4-caed47c4cc51,Annette Melton,144.77
2023-04-26,10:56:58,Keyboard,be64ac2a-f966-41a5-8cec-495b226716e3,Roger Adams,57.88
2023-01-30,20:28:33,Tablet,16db80db-a543-448e-9adf-e9816ab19e15,Daniel Holloway,673.75
2023-10-13,19:17:47,Printer,84396fc0-c26e-4706-bc05-9799bdae8eff,Samantha Robertson,390.34
2023-05-11,07:24:11,Tablet,b5a6571c-4fa5-435e-90cc-460428b26b1b,Brandy York,402.47
2023-08-19,13:30:37,Camera,2c7a0d31-0769-4583-9194-821ee11bf0d4,Ross Hood,1076.05
2023-04-08,01:52:35,Smartphone,0cf173f9-74d9-41f5-8877-58043fde9814,Michele Hill,735.64
2023-11-06,21:57:06,Smartwatch,659e0258-814f-4657-b6d7-0561d2d14ef5,Becky Johnson,250.87
2023-04-07,21:23:35,Laptop,7233d5af-9813-4da1-bd21-20ad5f59fb4d,Seth Matthews,1810.43
2023-04-17,12:07:22,Keyboard,d6707a21-29dc-473e-9820-b3f25989dd6c,Nicole Barker,37.36
2023-01-08,07:42:42,Smartwatch,0cb5ee5c-62f5-47c2-8706-fec248fa4e98,Kenneth Hanna,482.81
2023-03-02,17:26:13,Headphones,39a0f145-a5ba-4050-b8aa-76dfdb6ba39b,Debra Ortiz,290.52
2023-12-27,07:26:45,Headphones,f796611f-c7c1-4b1b-9d58-631b052226b9,Alexa Buck,223.91
2023-10-10,11:42:34,Printer,cd0579e2-99e4-404c-ac56-e0cda5ba2472,David Trujillo,374.54
2023-10-01,23:37:09,Smartwatch,b599277f-f78e-49e8-b676-291d4e329b4b,Jessica Bennett,252.26
2023-07-04,18:40:15,Camera,37dc8c78-4082-4cda-b580-e4e959450186,Michael Holloway,670.11
2023-08-29,11:39:33,Monitor,01e187d8-1a31-4044-95a0-f35665abc9ff,Mary Bridges,359.7
2023-07-31,01:39:52,Headphones,98017a2f-a5b8-4693-8fbb-a7495fcd859e,Elizabeth Rodriguez,142.68
2023-03-16,00:35:25,Mouse,46c79b36-fd05-4963-9616-af7e1057a002,Shannon Green,44.56
2023-10-27,21:05:09,Smartwatch,a6c681b0-e472-4be5-b3c2-944ab60a3dcc,Chris Cannon,321.32
2023-04-11,12:00:36,Printer,db7904e0-ce30-461d-8e88-c8ece651e3e1,Lindsay Guerrero,188.56
2023-05-06,18:10:44,Headphones,06843c86-b8a6-4402-a3d2-6b8dae46024d,Yolanda Green,144.96
2023-12-17,12:17:25,Keyboard,bc9a7998-6365-4c2a-a793-cb096b271eff,Michael Armstrong,72.37
2023-09-08,23:21:48,Smartwatch,b69f5eab-b9ff-4c29-97d9-cbb0309e47ba,Joseph Glover,405.34
2023-06-30,06:09:45,Monitor,5bc677ca-abff-4286-b0cf-9d73e8121ef0,Sarah Pittman,357.37
2023-09-08,06:42:03,Tablet,4b356e9a-2e5e-4b6a-8ee9-581ae061f65f,Carl Green,618.2
2023-01-31,19:04:34,Keyboard,e9a1c6d5-c34e-4baf-8f1c-b2ccceef9fa8,Michael Rogers,99.23
2023-02-08,01:45:58,Laptop,392c04da-5af3-4a5a-b8e5-9b2716dc5a6e,Elizabeth French,1758.6
2023-11-19,08:25:34,Laptop,95e7f614-42b4-4281-9f26-946654d1332a,Samuel Ruiz,1118.59
2023-01-05,07:57:48,Smartphone,948f664a-9565-457b-a267-d32fddcbf4bc,Andrea Preston,907.17
2023-01-31,22:29:40,Keyboard,ae423568-de14-453b-9eac-41d9801f4909,Edwin Brown,56.48
2023-12-04,17:45:44,Mouse,fe0a824e-232a-4e82-a699-6aabdaaf7529,Jason Hudson,46.51
2023-10-10,14:58:34,Laptop,24aa5685-7523-46ce-bc95-0bbae8184f34,Mike Maxwell,509.92
2023-05-21,19:30:20,Laptop,fc9476b1-a18b-4d15-9527-34077cd2192f,Mark Smith,525.09
2023-12-24,15:40:36,Smartwatch,c606ddc4-c2dd-401d-b59a-15334605ec0e,Phillip Burns,106.86
2023-02-19,19:05:32,Tablet,2120bfba-1689-40b8-879d-db62c37944c1,Madeline Powell,219.56
2023-11-14,19:10:03,Tablet,0131ff3b-6221-4670-ba36-e788f71fb9a6,Curtis Watson,306.63
2023-05-17,14:27:02,Smartwatch,c1c0c5e3-527c-4f50-a45a-87e8039a8ed5,Cheryl Rhodes,426.09
2023-07-27,16:42:41,Smartphone,39ec8ca1-3fb2-4f47-bbcd-6c18a06e8de5,Haley Anderson,573.05
2023-12-23,08:13:23,Mouse,4e5d8f12-96b3-4f4a-80da-a8ca62305d27,Rodney Evans,19.73
2023-02-11,23:48:06,Smartwatch,85319f0f-ba53-4122-b4b7-96204a73b0bf,Gail Barron,373.62
2023-07-14,13:43:56,Laptop,ff02f5b0-57bd-46c9-a240-063bfed747be,Heather Lopez,640.25
2023-11-23,00:20:38,Keyboard,cfdfc6f9-eb0f-427c-a82a-3879f2b5a7ea,Darryl Acosta,58.08
2023-08-11,23:28:49,Tablet,059c1ba0-bbec-421d-b610-901c2196b3b5,Caroline Richardson,203.75
2023-02-18,19:13:46,Camera,600c9c71-0990-4647-8ac8-d87ea689d07f,Dawn Nichols,979.03
2023-12-21,20:38:09,Laptop,0c472187-fea3-4d37-980b-68530c7031eb,Martha Smith,844.65
2023-02-08,10:12:29,Monitor,71be94c3-6ab1-4db6-9da4-66feb0937085,Joshua Wells,271.99
2023-01-17,06:31:48,Keyboard,af8ca888-b1f8-4ad9-b49b-508927335670,Elizabeth Stanley,65.08
2023-04-17,21:22:23,Camera,9f6facc1-451d-48fe-8532-fc74a9987bdf,Breanna Rivas,318.79
2023-12-31,14:30:05,Tablet,9e21741f-b801-4026-82f7-38611adba8cf,Brian Rodriguez,638.97
2023-10-16,08:45:19,Smartphone,c72850c1-3322-468b-9be7-8aec32da81f0,Joseph Harris,499.28
2023-07-19,19:40:52,Mouse,290e3e89-4b9c-42f4-a8e5-c8cdb4146e4a,Jon Clark,43.39
2023-03-13,02:51:19,Camera,3c088990-54a2-4051-bb0c-cad9eee13cae,Michael Meadows,760.62
2023-06-27,01:57:18,Keyboard,7e7d9a19-ab45-4578-92fb-acf6d5d1c669,Brandon Hunt,79.64
2023-02-08,12:24:02,Smartphone,e79f9f3d-19ee-4c3b-b93c-4b0bb93b770c,David Hinton,637.09
2023-11-01,14:26:36,Mouse,0cd20e43-76da-4194-839d-b29d4bc81c16,Christopher Williams,40.76
2023-05-20,16:24:14,Camera,ad409244-cd35-46ef-9c37-07394a629c5e,Parker Davis,335.55
2023-10-11,13:40:07,Monitor,0279e2ab-0bbf-4334-a3ea-2d7fc219a845,Mary Jackson,252.66
2023-10-27,13:50:16,Printer,f480b91e-700e-4efc-a4ff-c31a5b86ea69,Sherry Davis,155.72
2023-06-01,08:58:22,Smartphone,1d24181c-2ed0-47d4-97bc-ad3ad0a17fe8,Victor Nelson,972.17
2023-03-20,13:50:07,Smartphone,7a6e43d0-d9c5-4cd9-b09d-721b62be4009,Mariah Robles,282.04
2023-06-12,13:07:57,Tablet,b9f6143b-b238-4056-a1ec-47541cf14654,Tommy Moore,630.78
2023-06-07,16:11:32,Smartphone,7b90942f-973b-4977-a946-28206a80cac2,Meghan White,291.52
2023-02-22,04:49:27,Camera,9c81fc46-5bcd-436c-8777-4fae613758c3,Michael Roberson,1213.62
2023-08-18,20:16:45,Smartphone,7bab1baa-2172-40aa-a44a-913af933a9fa,Ashley Jenkins,387.39
2023-02-22,00:57:22,Keyboard,a7ac590c-42f9-4f92-9036-ca810bc4d7ba,Michael Gregory,61.0
2023-02-17,21:44:00,Smartphone,b9493906-939f-44eb-be5e-215ec47cc30b,Vanessa Santiago,553.91
2023-07-17,00:26:57,Mouse,b0309aaf-85ea-46e0-84e3-b774569adef0,Anna Stanley,41.38
2023-02-13,20:22:19,Smartwatch,a9e8f0d8-5883-49de-bb5f-be413fa2bde0,Janice Combs,265.52
2023-03-28,13:51:43,Headphones,9ce7eed1-fcdf-4961-a45e-2ad08eefa5dd,Mason Moore,192.99
2023-06-04,09:46:20,Tablet,7eef09ab-da14-4a47-b823-51d9d94df188,Angela Vasquez,240.25
2023-03-27,15:49:33,Monitor,47354e4f-f85b-4d0a-94b5-86353dab1614,Daniel Schneider,215.67
2023-09-05,02:48:02,Smartwatch,142e3df0-3c28-45dc-912d-aea8673d2920,Robert West,268.44
2023-05-07,22:45:24,Camera,50e96888-7273-4e7b-bf9a-d277db496e6d,Jonathan Valdez,602.04
2023-04-11,16:40:12,Monitor,092c4801-698f-44f8-a747-d24a1a46d536,April Davis,417.21
2023-01-04,14:24:24,Smartphone,a335b2c8-9e7b-4e95-b692-641a9aad10ce,Jordan Clark,335.49
2023-07-14,11:59:53,Camera,57423882-f34a-4949-b4ca-0ad7abe5be96,Anthony Walker,1309.94
2023-11-30,21:38:28,Monitor,c47566bf-8f66-4bbd-94fc-286f74577d47,Kara Sandoval,300.63
2023-11-05,07:18:46,Tablet,18f1a1e4-1d30-4290-b3d9-2aceb7461b72,Courtney Peterson,345.28
2023-07-23,11:37:10,Monitor,ccc7147f-f6e5-403c-a237-9e6fd4734534,Joseph Park,291.38
2023-11-21,17:52:37,Smartwatch,7e0f60b2-2a06-4609-a599-bd3c0bb81d38,Mitchell Griffith,393.95
2023-06-16,13:41:30,Mouse,3227e8d8-9c60-481b-8119-1aa71b61d453,Timothy Long,41.28
2023-07-21,13:17:23,Smartwatch,30c9c51f-c80b-4af7-9315-fafa7500f785,Ashley Perry,426.6
2023-04-13,21:33:44,Smartphone,ac117bab-d664-4fe8-a21c-0c06ed376567,Patricia Hayes,1132.07
2023-10-09,00:58:47,Keyboard,811317a8-f4c8-4393-96dd-6c82a8909e31,Jonathan Moreno,34.39
2023-04-18,15:57:49,Monitor,6ecca931-ef70-4d01-8da0-3d880c6f3051,Karen Romero,574.34
2023-02-05,14:53:47,Smartwatch,b11af726-2d5d-4395-a901-a768ebd14b0c,Monica Anderson,432.51
2023-06-05,08:48:42,Monitor,9b2d5a2a-99bd-4240-a853-5961632d0302,Kathy Cruz,212.63
2023-08-05,13:43:32,Smartwatch,b148b2a6-ea79-47e1-9be7-02abfac08fc4,Denise Stuart,363.47
2023-11-03,17:26:54,Smartphone,ce072a52-73ed-4223-8b4e-f503f8722413,Jason Graves,649.07
2023-09-17,15:13:47,Mouse,d7d3b9d9-4c85-4233-8325-bd9ebf98e734,Shannon Joseph,26.03
2023-07-04,19:32:53,Keyboard,37a3c30a-a1f0-4a7a-8db7-8572ef7db821,Marcus Roberts,22.94
2023-02-13,03:58:55,Mouse,21f6c63d-ac20-4f11-abd3-3927586528e6,Miss Tina Gordon,35.53
2023-07-01,06:03:22,Headphones,b5d9ad36-5287-464d-a30a-6658b1be6df2,Harold Castillo,214.4
2023-11-27,23:32:49,Mouse,b5caa993-aaca-4101-b153-0f689215583a,Paul Skinner,11.77
2023-06-19,15:40:20,Printer,6c21835d-d8e8-497c-a0a2-59014932936e,Kelly Johnson,390.04
2023-05-13,08:04:58,Smartphone,0e7da698-ab95-472f-8d95-aaf5253421bc,Paul Martin,210.55
2023-10-13,21:08:09,Keyboard,257c54bc-4024-4424-aef2-ab2f495fa2fc,Melissa Phillips,79.75
2023-07-11,14:14:26,Mouse,5bd29cb1-0845-4b2f-8a8a-4105c0eb8875,Ashley Parrish,18.84
2023-10-29,18:13:17,Monitor,396c357b-dd66-4071-8fd7-b1a1bd4f6118,Kristina Young,497.55
2023-01-13,17:34:37,Tablet,b2357a3c-cc7f-4517-8bfd-4a31c8c85ad6,Matthew House,374.23
2023-02-13,04:13:33,Smartphone,c9c1ad45-f4ea-4b97-aaa4-15b56336c815,Emily Arnold,495.43
2023-06-25,16:34:41,Tablet,33fd862d-4057-4470-be61-27a80351b09d,Priscilla Berg,376.41
2023-06-28,17:20:11,Headphones,a23ff67d-e957-4bc2-b9bd-8bd6d479cc36,Maria Fischer,180.28
2023-12-23,16:28:23,Smartphone,324bcc3d-9a77-41a2-bd0b-0fa28beef83f,Tracey Phillips,638.17
2023-01-23,04:11:24,Camera,13106665-aec2-4b19-bbc3-98d82d6bc882,Christopher Palmer,380.61
2023-11-28,03:58:54,Laptop,4773e66a-6db2-4020-8a67-01436090103c,Beverly Silva,1773.77
2023-05-05,18:47:12,Tablet,77617d80-549f-434c-8171-f5a74148bd11,Brittney Hernandez,754.45
2023-06-19,20:23:00,Tablet,c60ea4d5-0d04-4cb6-98cd-26555297e1ad,Lisa Stanley,508.74
2023-04-29,14:44:50,Printer,8cd74c27-929a-4586-8a37-6c367d94bf10,Richard Stewart,387.54
2023-12-03,15:44:00,Tablet,85467426-2f12-4b9e-b4fd-25b7384f6e3b,Jonathan Perry,271.15
2023-11-11,07:11:03,Printer,597278c5-1789-4e63-a746-5743897b303d,Daniel Rivera,108.76
2023-07-19,00:09:43,Monitor,f3476736-37ec-47a6-8b27-b0795c5d3f1b,Kerry Barajas,416.49
2023-12-27,02:16:40,Headphones,a6388854-fb2b-4b80-808b-d674d2dd3e26,Michael Griffin,101.45
2023-10-02,06:48:25,Mouse,eb29d912-9d1b-43df-a46b-6fcee78d147c,Tina Fleming,14.07
2023-08-23,04:08:56,Camera,cbd431cc-ea7a-4c21-a1a1-a29c5228ed8d,Janice Fernandez,691.18
2023-09-08,19:12:48,Smartwatch,84517303-e94d-4fbe-8653-1d4748677b30,Jaime Lang,368.28
2023-11-09,14:17:31,Camera,4be318a8-0b39-4ccf-bc9f-3bc37210045a,Cheryl Palmer,1016.36
2023-06-30,16:40:12,Mouse,f8bca9ac-2ada-42ce-9890-99c9f2be029f,Kimberly Smith,14.57
2023-12-11,10:49:46,Mouse,a127dc6b-ab9b-453d-b5f5-c65410c2c2e5,Sharon Coleman,16.9
2023-12-11,04:52:36,Mouse,d428df6c-89aa-4293-b4a0-dcd41a9af29e,Vanessa Rowe,33.61
2023-06-06,04:15:28,Camera,12767d13-f093-4776-9116-d014a5850828,Brittany Stevens,441.43
2023-03-14,18:35:54,Tablet,12c0620c-1667-4518-89b2-eae654eb4c91,Robert Grant,392.65
2023-03-12,20:55:40,Printer,e9366a85-3a46-4be3-9255-a4de9330ba83,James Mccoy,225.47
2023-09-07,23:08:16,Printer,63b664f4-0452-4779-90ff-de646edaba8c,Kimberly May,226.91
2023-11-27,06:18:26,Keyboard,bef6a59a-c186-4221-9030-56b79e4c24dd,Mercedes Jones,75.47
2023-05-28,05:06:28,Keyboard,4a32bb22-1b2b-42ec-80b9-ec30ed94898b,Elizabeth Miller,33.35
2023-08-19,22:33:07,Tablet,61a451ff-700b-4b43-ad3b-9d13c3e90323,Matthew Wells,354.48
2023-01-05,17:38:38,Laptop,bf2b43b4-22e9-4527-b849-1ecc889157fd,Robert Gardner,1798.28
2023-07-16,20:26:47,Tablet,4c4d6e40-24e2-426c-a250-d133f5cb5be4,Suzanne Norton,276.83
2023-07-29,17:54:11,Keyboard,f5179e72-5f85-4b21-a5df-6f85bab503fb,Kristen Peters,72.25
2023-08-16,17:47:34,Printer,929daf9f-0149-42af-8ab1-a5041f8c56e0,Kimberly Arroyo,313.04
2023-01-16,08:01:45,Tablet,bdce635f-bf90-4d6a-b5c6-06b54e003d55,Hailey Gutierrez,203.74
2023-04-26,19:34:25,Smartwatch,2477f047-8336-4758-99f9-3502a55bc44f,Daniel Davenport,113.08
2023-08-23,20:35:40,Smartwatch,abc53545-2e6d-4a04-9d57-e73431bf5cf6,Sarah York,167.28
2023-02-27,20:51:06,Monitor,8c8181b4-fe8b-4ccb-bd75-a5f3eeafca83,Joshua Roberts,397.38
2023-10-06,13:21:25,Smartphone,3289f58b-1923-4afc-802d-105b113eaf84,Katelyn Rivera,467.89
2023-01-22,16:04:10,Keyboard,3c0a584e-a7cd-43cb-abda-06b220d2b528,Manuel Mccullough,85.81
2023-08-06,03:43:43,Keyboard,540e7d01-735d-48f3-bc61-66df515a6b43,Elizabeth Silva,37.48
2023-01-17,16:22:27,Headphones,cec56969-5d4f-4107-911d-dc7990c80420,Jeffrey Smith,124.43
2023-02-14,15:59:09,Smartwatch,b652ae99-38b5-489a-8921-057c3f05557c,Jessica Larsen,239.43
2023-05-02,07:38:29,Smartphone,54e14f3a-bba4-4ae0-adf8-f7672261ddef,Julie Howard,975.63
2023-12-30,22:13:08,Mouse,1bdc74a9-8d3a-4d76-bcaa-281b4e336644,Lawrence Wilkinson,37.57
2023-03-13,07:31:22,Printer,e42c0aea-23d7-463d-9391-d017dbd4a86d,Deborah Mercado,149.79
2023-10-19,12:46:22,Headphones,e4610160-134d-495a-ba38-8c8f139309d1,Jonathon Johnson,251.36
2023-10-03,06:07:49,Keyboard,c4ea4ece-67b6-4467-9432-d79794f6c67a,Susan Arnold,42.49
2023-05-30,10:32:03,Camera,8a284792-ffac-4645-a4dc-43068b20ce3e,Reginald Diaz,1474.8
2023-09-21,03:28:01,Mouse,96f01335-c5ab-48da-a435-4021392a9fc4,Donna Marshall,20.69
2023-07-30,02:09:30,Tablet,5d264b1b-6593-4659-972e-8c6882aa5c46,Mary Charles,775.8
2023-03-06,04:49:52,Smartwatch,af2537f5-9d31-462a-bb5a-bb36ce7968b7,Jose Griffin,446.82
2023-06-14,09:00:47,Headphones,90d9170c-f2de-475c-90fc-c9f12ddc756b,Tracy Fitzgerald,86.56
2023-10-23,23:01:30,Printer,0a58f43c-5bda-4655-b06d-ca247bc6e121,John Brown,246.84
2023-07-12,16:27:23,Smartwatch,ab286d09-0af5-4e60-bbe8-a5df5e934de0,Terry Ward,351.13
2023-02-17,14:40:02,Smartphone,e1ad640c-7463-435e-aafb-9f20783c91eb,William Nguyen,833.63
2023-12-22,13:26:14,Keyboard,a2317211-8578-41c6-b7eb-c69ab4280f0d,Sandy Baker,79.98
2023-06-17,21:11:18,Monitor,606cc2f5-2c81-4bf0-91f6-04068b5a8683,Holly Valdez,577.61
2023-02-17,16:41:29,Laptop,4067f790-8444-4504-93ed-280ad5e14d1f,Terry Black,1803.36
2023-10-01,14:28:49,Camera,585409d9-de22-4c3f-9136-6db15a578607,Mr. Larry Shaw,1320.13
2023-04-19,18:00:43,Headphones,3ae0acdb-2a65-44af-b09d-338b23936d45,Mason Lewis,292.03
2023-05-26,12:17:50,Smartwatch,9a1e0036-5cba-4496-a848-92402fd90ce1,Bailey Hall,229.15
2023-10-17,17:40:14,Keyboard,1d03c3d5-b862-4cc3-9489-9c37cfa9026b,Mr. Daniel Martin,66.23
2023-01-25,01:40:21,Camera,3e612d66-05bf-4618-a930-b0c4d5576899,Kenneth Martin,1372.99
2023-08-24,00:35:34,Smartphone,e40b50e4-0a08-4989-833c-8f55a1298fa2,Amy Scott,826.18
2023-03-22,16:04:00,Smartphone,67cbfc39-f54f-4b92-8442-906f2e16f0b6,Kristy Smith,1129.43
2023-08-08,07:21:58,Monitor,d240ef02-a968-4fc1-ba5c-865db8344070,Brady Cole,150.3
2023-06-04,05:47:17,Tablet,7b4e9ecd-de07-47b1-b8ae-8d5dfe268e77,Ronald Burke,723.4
2023-07-04,09:06:59,Smartwatch,c47a3b7e-d209-483b-9528-4c0acb6bf562,Matthew Baker,137.34
2023-11-29,06:01:35,Smartphone,ec1f41ce-57b9-4dfb-af82-e70cb9644e4f,Kevin Hall,571.84
2023-06-06,08:31:29,Laptop,043d72db-1bcb-404c-a1d8-b96a62ada157,Scott Gordon,1094.51
2023-12-27,03:27:55,Printer,9b02c535-2649-4478-9396-6f0a6b77af9e,John Mendez,296.65
2023-02-09,04:49:53,Laptop,880bcb0e-c8ab-46ac-a0b4-659a09fe4cdd,Autumn Olson,820.13
2023-12-15,16:12:15,Mouse,8a0ea57a-9a7d-409d-a6e8-790b215d3b1f,Stephanie Hampton,19.05
2023-06-25,04:23:26,Laptop,6bb1f2bc-85a4-40cb-ae76-936aa6340d1a,Andrew Moreno,512.09
2023-09-02,02:34:43,Printer,7b6c7129-cd63-4ba8-b03c-664b3abf9c65,Jane Chapman,308.21
2023-02-22,03:45:26,Headphones,d6521e08-c2f4-4c10-a869-707cbdcbfffc,Anne Anderson,145.77
2023-06-03,04:59:33,Camera,e8fb5a96-3b85-46e1-840f-54057a25ed81,Diane Mcdowell,741.07
2023-03-10,23:21:32,Printer,01667221-3063-4e7f-81ff-81d1689d1205,Rachel Lane,332.04
2023-10-16,00:18:30,Tablet,6001f54d-01d7-4831-850f-1cdc1e2a03f1,Melissa Stewart,194.47
2023-08-14,12:47:10,Mouse,6d130705-279f-41ab-9b49-09b65cbdb682,Dawn Wyatt,36.0
2023-03-19,14:59:23,Headphones,9ca4364d-5d9a-49f1-908e-3a956c6e8796,Michael Fischer,207.02
2023-04-22,03:09:22,Mouse,8ebc6d7e-c8a6-4b85-8d56-bff669c9520f,Mr. Justin King,37.46
2023-03-05,21:27:56,Smartphone,c6319c16-5827-4c1d-93e0-f2354e80d10b,Nancy Wyatt,340.01
2023-08-08,11:27:02,Printer,3ad24ac8-bf70-4042-9e7c-6795a8c6c2df,Michael Martin,205.46
2023-11-27,03:04:02,Tablet,c93c9cc6-668b-48da-8222-cd7f36e6ba85,Joshua Terry,311.06
2023-11-04,22:07:18,Headphones,639c4c6c-2926-405d-8d53-551ab4f02f6f,Abigail Davis,188.35
2023-12-20,00:58:35,Smartwatch,99a9af6a-ed05-4732-b8bf-46fa25343e85,Austin Walker,411.59
2023-11-07,18:33:04,Smartwatch,b9787c4b-09aa-4570-9be9-50c7147d7bfc,William Mendez,182.18
2023-06-01,23:31:34,Headphones,f6a9e3e3-b62b-4cb1-8956-0c3685609e8a,Theresa Wilkins,236.96
2023-05-03,18:01:05,Laptop,02bdeabe-7060-48eb-be8e-ed12a3ea21a2,Matthew Lara,1675.7
2023-09-13,23:13:54,Printer,c8b190e1-089a-4f4f-b1da-e8174937b90f,Kelli Hall,133.82
2023-01-07,13:08:49,Mouse,5c17ebb5-093b-4d72-ac8c-dcaf2b633b18,Aaron Moore,12.84
2023-10-19,15:19:23,Camera,66414954-c798-4445-86a3-cc71ff2f6883,James Willis,458.38
2023-03-30,17:08:56,Camera,b4209103-bca7-46eb-83ef-0f77848ac924,Brandon Mitchell,955.63
2023-02-04,00:30:07,Smartphone,953b0f1f-ea3e-472a-8f22-1604d46b7756,Victor Hill,216.69
2023-01-31,14:29:23,Smartwatch,746b161a-31cc-4738-b68a-e9b79b3aa1d1,Laura Green,186.3
2023-12-31,18:14:33,Keyboard,8f026c2c-1b41-4999-8198-d1f56839f98f,Edward Arroyo,42.92
2023-07-25,03:00:03,Printer,41f83199-f4ea-4769-8366-c189cd8d9f75,Robin Andrews,227.07
2023-03-20,10:06:08,Keyboard,60885550-f74f-4900-b159-4914b1b68ecd,Patricia Todd,63.01
2023-09-19,07:23:53,Smartphone,ae7cfd14-7577-4730-868d-a4b2f613bda0,Kevin Johnson,509.91
2023-07-20,21:21:05,Tablet,61f6dfbe-114b-4c79-8200-79f51dc3c26e,Wendy Rhodes,498.65
2023-08-12,08:41:18,Smartphone,6994bf84-50d3-4a03-8cd7-608f3adcb38c,Kelli Smith,510.17
2023-08-11,04:13:22,Laptop,498bcf67-3f8d-4f96-836a-e2bbd5098e07,Michael Nicholson,866.72
2023-01-29,11:15:39,Monitor,2db13deb-ee6f-4bea-8df7-164713769ff9,Hayden Shannon,425.53
2023-12-29,04:59:44,Tablet,bf0418a9-f276-4513-aeca-f62944e22691,Susan Porter,227.64
2023-06-27,19:02:31,Laptop,3df76a69-bc45-444a-bc1f-dff0331d58bb,Christine Harris,745.75
2023-05-13,06:04:44,Keyboard,5b249c2a-9e5c-4dcd-961a-080a3fec0a37,Brian Mora,82.64
2023-05-18,04:17:53,Camera,7e1f48c4-a9d6-490d-b4ad-fa22ad0205f5,Pamela Weaver,452.32
2023-08-08,09:54:09,Laptop,5f06bc76-7b77-4e71-9917-38f80ad1c18c,Katherine Galloway,1002.52
2023-12-31,20:59:42,Keyboard,4654e77d-de67-4278-9313-b3a7e5a1c6e4,William Moon IV,25.11
2023-09-19,13:06:42,Smartphone,20d4ba18-93a0-4478-800b-19de38db128d,Robert Mendoza,696.15
2023-10-18,06:04:33,Laptop,58e7edf8-80a2-4721-8856-06848a6fc4b3,Michael Thompson,1249.42
2023-02-22,20:53:43,Camera,84a91789-b2c0-47e8-9ed0-72e9f9fc6034,Michael Smith,488.77
2023-09-18,00:05:36,Smartphone,19ca9c1b-94bc-447a-a122-318935f3de4a,Louis Green,428.4
2023-01-07,08:54:13,Laptop,44f7f01a-3cb5-46d7-834a-130e8c6ea6ad,Louis Diaz,1788.03
2023-07-16,05:27:51,Laptop,6b49acc6-35e5-44e0-ac87-85467faf6458,Jacqueline Dickerson,1207.65
2023-01-19,20:07:45,Tablet,9247e851-2e0d-4860-b362-f9b74795cd1d,Kenneth Perez,755.25
2023-05-08,15:09:19,Printer,cdd8af09-451b-4267-b887-5caf1991103f,Jeffrey James,167.35
2023-02-09,20:48:32,Camera,bd1116ee-f58a-47c7-8ccf-4130255603d4,Robert Thompson,625.51
2023-12-11,01:55:03,Camera,e4ad5e9b-fedd-42d9-a26c-bc6a7fe5a4b6,Kelly Le,443.28
2023-09-22,01:40:19,Tablet,403fd582-4ccf-4a4b-bc93-243ec90b9454,Laura Ross,295.07
2023-08-27,10:16:42,Printer,3728ddc2-0f5e-4b47-a9d0-c613b0c77002,Karen Soto,120.68
2023-10-11,16:37:46,Smartwatch,42803aa0-55ac-4d06-be9d-a9517329af6e,Justin Frederick,230.92
2023-05-30,20:31:39,Laptop,696929b2-0513-4da8-9819-93cc41f9994a,Sean Mccarty,1053.38
2023-05-05,16:53:27,Smartwatch,a65d958e-936d-41a8-93ac-b00e32eeeb38,Carrie Deleon,395.83
2023-09-10,07:06:54,Camera,82ac7e1d-ac56-4da6-9339-1df45ae86d18,Dr. Steve James,1010.03
2023-05-06,05:28:55,Keyboard,f4e35f7b-a1b7-43d8-b6b8-74d349599bed,Christopher Morton,80.84
2023-01-13,08:28:59,Laptop,9cc05b67-a19b-424a-abfc-2a47565f1491,Sarah Jones,1898.6
2023-12-22,00:20:57,Keyboard,50405c43-3a6c-4da6-97f7-d71f2978cc73,Eddie Adams,47.71
2023-12-03,13:41:59,Camera,e33fc52c-4570-43e4-a53c-8f74a5076897,Scott Cox,301.75
2023-09-29,08:40:17,Smartwatch,73461e07-f72c-46c8-855c-0a9796405fcd,Clinton Johnson,141.58
2023-01-31,05:11:01,Printer,406bf02d-a97a-4f4e-bc10-871bba4f4b03,Mercedes Miller,247.61
2023-04-29,18:55:25,Smartwatch,18763576-1a5e-4196-a5a4-c79b2abaa4f9,Shawn Kelley,137.21
2023-07-10,16:41:31,Printer,8623bc74-65a2-4cc8-855b-e95d06bfd9c4,Angela Baker,310.25
2023-09-16,04:51:39,Smartphone,ee7ca782-a7a3-4d25-9595-6c4227c00f89,Ellen Wright,780.77
2023-10-18,02:16:03,Printer,205c8491-a061-49db-b172-f63648bfb602,Ryan Johnson,122.45
2023-03-08,08:37:14,Printer,ea4f4a80-dc41-4176-9b59-f28ea9de5b26,John Proctor,298.73
2023-06-11,14:18:25,Smartwatch,8c6d768e-45bc-43ba-af52-d36e8a63b93c,Wayne Wolfe,204.4
2023-05-20,08:30:19,Camera,74e0079a-98fb-4727-9740-b2122d5245f4,Madison Elliott,681.67
2023-03-11,21:17:18,Smartphone,88a613b4-a3b8-4f92-a3c9-0c6a86017633,Gregory Fernandez,1143.55
2023-03-26,16:22:05,Smartphone,4ed0730d-711d-41dd-96ed-0330ce015413,David Torres,355.41
2023-03-03,19:30:44,Monitor,c21f84fc-d0bc-4ad5-85f8-0d9b00060d5a,Hailey Harrison,291.31
2023-04-17,16:27:13,Camera,7def3b8e-ec0d-4c3a-b011-b125022111e5,Karen Smith,1457.56
2023-03-03,03:17:31,Smartwatch,98d53cf5-4afc-49e8-8c47-6b726e310234,Adam Brooks,285.34
2023-06-05,21:57:56,Tablet,6fe633f1-8f80-4d8b-a1d5-5f8569678586,Christopher Mclaughlin,674.94
2023-06-17,05:24:01,Laptop,3878becf-60dc-42eb-9413-c85063c4e76d,Jay Allen,822.53
2023-07-02,14:25:36,Smartphone,9cfbbce7-e8f2-4584-8cca-1e14c3b8c80f,Melinda Mitchell,911.16
2023-06-03,09:28:20,Keyboard,44d18524-cf0e-4567-882d-7fc1be3074f8,Scott White,23.92
2023-07-27,16:27:50,Tablet,74915c14-a30b-469c-9c40-50454a22eae9,Denise Dean,170.2
2023-05-08,03:26:55,Keyboard,26f341c8-04f7-48c8-9215-b5033012f819,Joseph Lopez,79.85
2023-03-13,04:25:19,Monitor,200291bb-44e9-48fb-8838-a8881a2e9864,Monica Hall,195.86
2023-04-24,04:45:33,Laptop,3799a376-7e5b-4ac9-83c5-01fe269334ef,Eric Lloyd,592.5
2023-07-10,22:56:54,Headphones,b26a51a5-76b4-4672-9f13-e10bff7a884d,Erin Bridges,255.92
2023-05-13,02:43:48,Smartphone,4439940d-0e58-4770-a566-0316f39ef1be,Andrea Harrison,782.32
2023-04-12,23:31:10,Laptop,4005353d-d76f-4e65-a54c-87393133839e,Sandra Martinez,1995.74
2023-02-17,12:04:16,Monitor,62821d61-3fbb-4f57-b6f5-6f1cc4a531cd,Jessica Rojas,514.18
2023-08-25,01:50:37,Smartphone,bc3e1d19-75f9-4230-b2fd-73c508942176,Kelly Hendrix,242.7
2023-08-10,14:22:53,Tablet,f6121d2c-ae73-40eb-a39d-8fe7790b185c,Frank Soto,750.69
2023-12-16,15:32:03,Monitor,8cb1457e-effa-415b-bea6-450f0accb23c,Dawn Little,163.27
2023-04-06,10:00:42,Tablet,0d559b64-e334-4bac-9c44-ebd132df8d45,Claudia Rodriguez,380.06
2023-03-18,01:15:41,Smartwatch,03db7a2e-5313-40e0-af25-37cea206527c,Donald Wilson,278.4
2023-05-06,23:34:00,Mouse,f80590f0-0249-4a09-be3b-1a40ca0553a2,Richard Alvarez,34.77
2023-10-09,17:26:27,Smartwatch,c552f3c5-5f13-4b98-a7ad-8d5198a15e4f,Christopher Davis,299.56
2023-07-16,04:59:47,Laptop,f83b1806-ee4c-4b18-96a2-d49d9e5f8273,Lori Brown DDS,631.58
2023-09-27,09:04:16,Printer,1b7e0502-ca9d-4831-894e-7397b38a3db1,David Holden,159.84
2023-07-15,13:04:29,Keyboard,58e9d0aa-c1b6-4dd4-a507-84cbc9df301e,Jessica Lee,83.59
2023-09-06,12:31:33,Monitor,b972393a-5bb0-4d76-a0b5-7717b072afc8,Steven Washington,395.03
2023-07-18,09:50:46,Mouse,8af09ec3-4b72-4a7c-8f1c-3fa070000009,Cheryl Lopez,30.1
2023-11-02,07:58:27,Tablet,77e8b762-bb7e-4979-92dc-bffd59008d65,Ronald Rocha,166.94
2023-05-24,02:07:59,Laptop,87f89f62-11a1-4557-a90c-44148df50b01,Edward Baker,1843.65
2023-10-27,08:28:28,Monitor,c6a28e4e-002f-4ca4-b43e-85315dfb1922,Jamie Lopez,388.24
2023-12-03,08:46:48,Tablet,5d340833-db59-4a19-9ea6-ed4a04cad30a,Cynthia Le,215.09
2023-01-29,07:59:18,Smartwatch,d1ad3e51-89f9-4de9-b798-0131a885a7b4,Joseph Jimenez,313.48
2023-07-18,12:55:04,Mouse,487b25d7-9cf0-43dd-a775-29a28d2cfe83,Martin Rodriguez,43.86
2023-10-31,11:34:41,Tablet,0b34fc84-1111-4e29-a8ad-153985f0786a,Beverly Russo,264.47
2023-01-15,12:48:15,Camera,310dc9d1-7c41-4a2a-9b67-f7bb33bb7382,Kenneth Huff,1396.78
2023-10-16,06:51:12,Mouse,9fbc879e-869c-4a8e-bd6a-b7c2a86d8706,Dawn Diaz,32.54
2023-03-31,17:51:22,Monitor,03599c6d-1224-4bd2-b7c4-b3ee9b1fc6d1,Christine Henry,393.96
2023-04-30,21:54:21,Laptop,77d2b94f-1478-4c9d-9503-0b43e3c7ca9a,Amy Grant,635.39
2023-09-02,00:01:29,Headphones,d2705470-6a7b-48b1-a3f3-42a8f030bfd4,Michael Colon,54.98
2023-04-14,04:45:03,Camera,bbfb1b71-0a68-4eb8-876d-e8c5440c7e5b,Eric Blackburn,1401.48
2023-06-15,02:10:06,Camera,19e9e3a4-18dc-4eb6-84fc-fcb0f5e90352,Kim Lopez,1160.33
2023-12-27,05:09:26,Laptop,91ed554a-3fae-4f01-a829-0f3c86b4852c,Cassidy Curry,721.57
2023-07-06,02:38:26,Smartphone,c42b266b-1b02-4a24-bf00-f56c6a4989a6,Heather Ellis,1046.48
2023-12-06,14:24:11,Camera,1aa67474-e200-4157-ad54-c95aaa4d52a8,Christopher Morales,1145.45
2023-06-04,11:44:44,Mouse,88adb388-287e-4086-a854-027e56673e49,Mrs. Heather Edwards DVM,14.04
2023-08-12,23:16:29,Tablet,698f546d-5f29-4290-9848-5a54531c8812,Jessica Swanson,784.31
2023-03-31,20:27:39,Monitor,8bae295e-902a-405c-bd9f-fe599bc0fa93,Ralph Howe,442.13
2023-04-25,21:26:34,Mouse,73d0b6c7-f62e-4f88-9c29-850b410bfc29,James Barber,41.48
2023-12-19,10:43:22,Tablet,042c65ad-9883-49b1-88d3-d2cefba3091f,Wendy Turner,395.95
2023-01-01,20:51:22,Tablet,36fea0b4-38cd-4122-bc01-45e14ce2afa2,Alison Short,265.51
2023-10-18,01:10:44,Printer,eb4aede6-46a5-4064-9284-b528b0916fb7,Kristie Howe,355.23
2023-11-10,08:02:33,Tablet,75dacbbe-09a9-461a-9823-3383279b637c,Charles Richardson,541.55
2023-09-12,05:07:14,Mouse,4199322e-3ba5-4126-bff6-9f4195082801,Anna Ross,14.16
2023-05-02,12:37:37,Camera,13c37b5d-bbf8-4a91-b7a9-f824eafa4d5b,Rebecca Thompson,1194.41
2023-02-15,23:16:08,Camera,b3edd6ed-b089-4de4-a626-7164d3616b3a,Susan Larson,501.46
2023-05-16,07:38:03,Camera,ceef7261-bb15-42ea-8991-2f464ce6928b,Angela Brown,835.96
2023-06-29,09:20:40,Headphones,e13a14ca-5911-442e-959a-8f54c559cd0f,Jennifer Parrish,223.29
2023-01-25,14:03:05,Smartphone,bf67de42-3a0a-4b59-8538-4872deaa543e,Lindsey Smith,920.41
2023-03-27,15:04:26,Monitor,0ddb545b-61ea-4a65-a1d7-70eac704e80e,Andrew Fernandez,479.66
2023-06-29,19:52:48,Monitor,b2a0f778-809d-4444-93ab-3cce264ae04f,Anthony Dennis,546.8
2023-09-03,21:02:46,Printer,c0ba22a4-7213-47cc-b896-17fa6493f5ef,Kathy Walker,130.43
2023-02-07,01:12:59,Headphones,25e42403-64f2-402e-894f-6ed34a2f3876,Bradley Duncan,90.66
2023-05-14,03:48:46,Smartwatch,4336ffe5-6631-46a7-8c53-b74c0c9fa6e6,Jonathan Ayala,108.03
2023-07-12,05:51:30,Smartphone,7b1dbca3-2286-43f8-8314-96ea2160446e,Katherine Pearson,541.81
2023-02-17,12:18:15,Smartphone,ff408dcc-9db1-47f9-8fa8-ae3432339053,Danielle Jones,747.05
2023-09-05,01:07:42,Mouse,af4afcdd-52cb-4ae0-ae18-c9b3c6da85f1,Ann Powers,49.41
2023-03-26,22:06:42,Printer,30c3ef8a-592a-443d-9d82-2e3a6c6d282b,Kirk Johnson,382.73
2023-02-21,12:03:17,Printer,5987038a-fcd6-418e-ab54-500d4e089bb4,Wanda Ramos,147.13
2023-07-29,20:10:28,Headphones,ec993c80-0b7d-4856-b0c2-360025545c1a,Christina Brooks,293.6
2023-05-25,10:49:40,Keyboard,15f7ef61-da4e-404c-ba7e-1b86c1fad753,Anthony Rush,41.22
2023-07-21,20:49:03,Headphones,d51b1974-de66-4dd0-a5ce-2a21ed3e2846,Alexis Benson,73.98
2023-03-20,01:59:04,Keyboard,789fed96-7337-4c2f-8e1c-37621c7cb6ed,Daniel Medina,87.19
2023-02-14,10:43:27,Camera,c017466e-85f4-40a2-8be2-7516342c5348,John Blair,304.58
2023-02-19,00:56:13,Mouse,ab132032-b2e1-4f66-b1f0-2ea8242f5829,Kevin Alvarado,29.21
2023-05-30,02:58:59,Headphones,0f635f4a-2b9a-418e-8165-964c0b21a308,Richard Williamson,92.71
2023-06-07,14:28:16,Monitor,f1f71605-a79e-4626-b707-ac0e0d96feb3,James Nelson,529.7
2023-12-05,09:38:54,Monitor,5c375254-a8fc-4690-a9b1-c4a1da221b85,Alicia Dillon,370.09
2023-07-18,06:43:52,Smartphone,fad3b44c-3b2d-4dc9-a2f3-2faea63fcf12,William Garcia,841.87
2023-07-09,06:47:35,Camera,98dbf732-dde4-4194-bc12-d19850c1b8f7,Charlotte Mason,1362.59
2023-08-14,16:55:56,Monitor,b6646199-ed25-459e-8f89-37fa753e9662,David Moreno,170.08
2023-05-18,20:32:36,Smartwatch,be9063fb-64b5-49a5-bd6c-3d2a5564d1d3,Gregory Bell,190.5
2023-12-23,03:31:15,Laptop,fef97d57-3c77-4a4a-8d65-4036a00f230b,Kathryn Cain,726.7
2023-10-05,15:04:22,Smartphone,631d9c8b-e0f0-4e79-81f7-4651a033edad,Robin Johnson,868.14
2023-02-01,14:05:38,Mouse,39bfc9b6-47ba-48aa-b2f9-4b2c8e10814f,Steven Sandoval,19.1
2023-10-02,17:17:16,Keyboard,854dc3bf-61d8-4365-bada-0c941679bbe0,Lisa Garrett,53.49
2023-09-01,10:52:51,Mouse,92a97acd-3d88-4938-aad6-5b8c3a38b844,Wesley Browning,45.27
2023-01-18,18:16:51,Smartphone,21bbd183-8acf-44d6-b2fc-c072544c0132,Charles Weaver,594.8
2023-10-20,22:35:00,Mouse,235b275b-dcd2-4b97-b3ca-9a6bccd3af7c,Michael Mills,46.02
2023-08-18,06:17:39,Tablet,e8b45c6a-fee5-43b3-ae18-b184229fe85b,Brianna Fitzpatrick,228.18
2023-04-09,04:35:39,Tablet,115c42cd-5147-4e86-a875-d40aeac7dc2e,Tiffany Wilson,781.91
2023-12-16,15:51:07,Laptop,2540fbfe-e12f-46cd-96ea-f269514e1353,Pamela Beard,1135.06
2023-11-18,05:23:02,Headphones,4da838b7-6947-4bac-b610-f40d69fe890f,Timothy Shannon,299.32
2023-02-04,03:10:06,Mouse,26e6a84a-4617-4161-bd03-d33beee9795e,Ashley Lopez,20.32
2023-10-10,11:52:26,Printer,9df034d3-9caa-437c-bc67-95e2c32fc21b,Keith Hall,266.91
2023-01-07,22:41:05,Smartwatch,06ad7920-aff7-4f5d-bb1d-12cf3b705092,Michael Woods,307.88
2023-08-03,04:05:48,Mouse,7800e27a-9ace-43cc-989c-83f68098580d,Jacqueline Christian,30.9
2023-10-18,21:24:21,Printer,29ede760-2334-48ba-b94e-08387dcf60fd,Andrew Duran,144.89
2023-02-21,03:50:45,Mouse,f3402dd3-4515-45b9-ace9-504b03d7f962,Patrick Mcneil,40.34
2023-05-27,19:30:06,Mouse,2d54ff2b-10ee-4f77-b45e-2eafc1fda581,Victoria Camacho,41.18
2023-05-16,13:56:46,Camera,dde4f5c1-532c-4c01-b017-c5337d6ce5c3,David Sullivan,1353.47
2023-08-31,01:21:50,Monitor,d3073198-bc3e-4402-9ba1-4c350ab5207f,Erik Carr,407.41
2023-03-15,22:30:34,Tablet,8941bdd3-9803-482e-926a-4bd0be125f8f,Sheri Buchanan,329.02
2023-07-25,01:24:43,Mouse,74f76d09-739c-4fa5-9bfc-270c85494255,Amanda Forbes,37.23
2023-06-19,08:38:59,Printer,fbdc532e-6546-466d-89b1-cad184c9b276,Kristin Black,366.87
2023-05-18,13:33:36,Laptop,309a083a-0c9e-4060-b66c-7331a1722ee3,James Torres,1618.62
2023-06-05,11:19:16,Laptop,2a9edda7-761a-4914-8931-b2d4d3def87c,Louis Brown,1006.8
2023-12-23,03:34:33,Smartwatch,76ad1c33-2469-40c2-a757-499784581f73,Jocelyn Sharp,437.14
2023-08-15,11:40:56,Headphones,95dfe6cb-c75a-4c94-ae05-7f791cf8d03f,Melissa Taylor,83.6
2023-11-06,23:30:14,Smartwatch,0660a3e9-736d-417c-92ce-55e369df05c7,Kevin Marquez,391.52
2023-04-19,14:49:28,Smartphone,171603b1-7466-4e6f-a1ee-b1f133b1d0dc,Michael Meadows,387.94
2023-07-11,02:02:47,Monitor,bbb71494-b7e7-47d4-a9fb-832ccbe68571,Brian Cole,491.77
2023-02-03,11:19:39,Keyboard,b5103e9c-8618-440d-95d6-a6585ce9dbbc,Richard Hunt,83.32
2023-09-26,20:42:17,Keyboard,8ce377d7-60f1-4528-a8ef-2f46f323123e,Randy Barr,52.27
2023-04-13,02:05:53,Laptop,dcd81a8b-a8d6-4af6-9f0d-def190c40e45,Sean White,760.61
2023-01-26,13:07:15,Headphones,4edd2a2a-6b69-44ae-8d22-af35b648be8a,Randy Griffin,58.27
2023-08-26,18:23:27,Headphones,e606d7c2-1e18-446d-ae42-1840a05f36c8,Dale Dean,118.49
2023-03-05,01:06:45,Printer,7f6485de-7569-4aef-8320-0c4e40cbe188,Kimberly Smith,290.62
2023-11-01,16:14:31,Headphones,37850b5c-3ce5-488c-be53-d702e1f8d192,Karen Ortiz,143.12
2023-08-31,21:22:03,Tablet,01aec505-99a0-4abb-99e9-54331453e17e,Joshua Harvey,774.34
2023-03-25,09:25:03,Keyboard,3527bcee-d343-4f88-91f3-79b18ebb8208,Charles Delgado,47.98
2023-07-17,01:48:27,Smartphone,084d7822-da94-4e70-a537-41e409668d08,Sara Evans,485.07
2023-04-20,08:03:32,Tablet,1be00f8e-0c8d-41d2-9673-aefbeb9e54e0,Christopher Powers,704.98
2023-05-18,23:43:24,Headphones,b3292925-b107-494e-a932-5ae19c7060da,Rachel Thompson,219.42
2023-12-16,00:19:26,Printer,5c3552b3-9437-4280-bfd4-67e77491050c,Anna Evans,253.98
2023-11-28,06:18:21,Monitor,d1fcdedd-6102-4b56-a5c4-82ff5e5a90c1,Jeffery Pierce,560.18
2023-04-25,09:11:21,Mouse,1f3cea1d-2271-47ca-b887-73ed4af715b7,Denise Rose,42.03
2023-06-06,23:24:05,Mouse,35845d71-b221-41c5-b5b8-6d0a864f36dd,Ashley Blair,42.2
2023-07-12,12:41:46,Smartwatch,16718639-fcb8-4f9e-8769-0baaa104bdce,Mr. Timothy Andersen,269.52
2023-08-27,11:00:02,Monitor,d90949aa-9bdd-4d7a-ad53-628b49851b79,Joseph Carney,263.4
2023-07-23,21:16:49,Keyboard,9d421bae-2134-415b-ad56-c7145a9621f5,Kelly Welch,85.94
2023-12-06,13:37:31,Smartphone,e237c877-2e0e-4673-8ed7-cd177e14c595,Michelle Krause,207.35
2023-11-08,10:17:31,Keyboard,7702beba-0623-4fbf-9e42-d2b800679b62,Bailey Charles,71.79
2023-09-04,02:19:27,Smartwatch,6a25542e-ffbd-4cdd-9d84-d303ccb03fc5,Gene Castro,373.77
2023-11-24,11:50:16,Camera,a3ff8fd2-02e4-40aa-b65b-c763a3336ea8,Douglas Tyler,1486.03
2023-12-31,23:43:09,Smartwatch,8ccc617e-81b6-4951-8cdf-697f4eca2e96,Aaron Jennings,204.46
2023-09-22,08:44:56,Smartwatch,91a4d796-b972-4eec-a563-7d1f57637902,Alyssa Thompson,175.34
2023-11-04,14:42:45,Laptop,ec1a86d3-5683-4783-9575-9337549c9eb9,Sydney Robles,1708.14
2023-01-14,23:51:44,Camera,27c7655a-7b43-4a72-a2c0-c475a54976d0,Stephanie Herrera,1116.91
